name,phoneme,starter
Aaronsburg,0000,
Abbeville,0001,
Abbot,0002,
Abbotsford,0003,
Abbott,0002,
Aberdeen,0004,3
Abernathy,0005,
Abilene,0006,2
Abingdon,0007,
Ackley,0008,
Ackworth,0009,
Acme,0010,
Acton,0011,
Acworth,0009,
Ada,0012,
Adair,0013,
Adams,0014,
Adamsburg,0015,
Adamstown,0016,
Adamsville,0017,
Addie,0018,
Addison,0019,
Addy,0018,
Adel,0020,
Adell,0020,
Adelphi,0021,
Aden,0022,
Adrian,0023,
Advance,0024,
Affton,0025,
Africa,0026,
Afton,0025,
Agate,0027,
Agency,0028,
Agenda,0029,
Agnew,0030,
Agra,0031,
Agua Dulce,0032,
Aiken,0033,
Ainsworth,0034,
Airmont,0035,
Airville,0036,
Ajax,0037,
Akron,0038,
Alabama,0040,
Alamo,0041,
Alaska,0042,
Alba,0043,
Albany,0044,3
Albert,0045,
Alberta,0046,
Alberton,0047,
Albertville,0048,
Albion,0049,
Albuquerque,0050,
Alden,0051,
Alder,0052,
Alderson,0053,
Aldine,0054,
Aledo,0055,
Aleman,0056,
Alexander,0057,
Alexandria,0058,4
Alexis,0059,
Alfalfa,0060,
Alford,0061,
Alfred,0062,
Alger,0063,
Algiers,0064,
Algoma,0065,
Algona,0066,
Algonquin,0067,
Alhambra,0068,
Alice,0069,
Allegany,0070,
Alleman,0056,
Allen,0071,
Allendale,0072,
Allenhurst,0073,
Allenport,0074,
Allensville,0075,
Allenton,0076,
Allentown,0077,2
Allenville,0078,
Allenwood,0079,
Allerton,0080,
Alliance,0081,
Allison,0082,
Allouez,0083,
Allport,0084,
Alma,0085,
Almena,0086,
Almond,0087,
Almont,0088,
Aloha,0089,
Alpena,0090,
Alpha,0091,
Alpine,0092,2
Alsen,0093,
Alta,0094,
Alta Vista,0095,
Altamont,0096,
Alto,0097,
Alton,0098,
Altona,0099,
Altoona,0100,
Alturas,0101,
Altus,0102,
Alum Creek,0103,
Alva,0104,
Alvarado,0105,
Alvin,0106,
Alvord,0107,
Amber,0108,
Ambler,0109,
Amboy,0110,
Ambrose,0111,
Amelia,0112,
Americus,0113,
Ames,0114,
Amherst,0115,3
Amistad,0116,
Amity,0117,
Ammon,0118,
Amsterdam,0119,
Anaconda,0120,
Anadarko,0121,
Anchorage,0122,
Andalusia,0123,
Anderson,0124,3
Andersonville,0125,
Andover,0126,4
Andrews,0127,
Aneta,0128,
Angelica,0129,
Angola,0130,
Angora,0131,
Anguilla,0132,
Anna,0133,
Annandale,0134,
Annapolis,0135,
Annetta,0128,
Anniston,0136,
Anoka,0137,
Ansley,0139,
Anson,0140,
Ansonia,0141,
Antelope,0142,
Anthony,0143,
Antioch,0144,
Antrim,0145,
Antwerp,0146,
Apple Creek,0147,
Apple Valley,0148,2
Applegate,0149,
Appleton,0150,
Aquilla,0151,
Arab,0152,
Arabi,0153,
Aragon,0154,
Arapahoe,0155,
Ararat,0156,
Arbela,0157,
Arcade,0158,
Arcadia,0159,2
Archer,0160,
Arco,0161,
Arcola,0162,
Arden,0163,
Ardmore,0164,2
Ardon,0163,
Ardsley,0165,
Argonne,0166,
Argyle,0167,
Arkadelphia,0168,
Arkansas City,0169,
Arkoe,0161,
Arkwright,0170,
Arlington,0171,4
Arlington Heights,0172,
Armenia,0173,
Armington,0174,
Armstrong,0175,
Arnett,0176,
Arnold,0177,
Arrington,0178,
Arroyo Hondo,0179,
Artesia,0180,
Arthur,0181,
Arvada,0182,
Asbury,0183,
Ashburn,0184,
Ashby,0185,
Asheville,0186,
Ashford,0187,
Ashland,0188,5
Ashley,0189,
Ashton,0190,
Ashville,0186,
Ashwood,0191,
Aspinwall,0192,
Assumption,0193,
Astor,0194,
Astoria,0195,
Asuncion,0196,
Atco,0197,
Athens,0198,4
Atherton,0199,
Athol,0200,
Atkins,0201,
Atkinson,0202,
Atlanta,0203,
Atlantic,0204,
Atlantic Beach,0205,
Atlantic City,0206,
Atlas,0207,
Atoka,0208,2
Attica,0209,
Atwater,0210,
Atwood,0211,
Au Sable,0212,
Aubrey,0213,
Auburn,0214,5
Auburndale,0215,
Audubon,0216,
Audubon Park,0217,
Augsburg,0218,
Augusta,0219,2
Aura,0220,
Aurelius,0221,
Aurora,0222,3
Austerlitz,0223,
Austin,0224,2
Ava,0225,
Avalon,0226,2
Avera,0227,
Avery,0228,
Avilla,0229,
Avis,0230,
Avoca,0231,
Avon,0232,
Avondale,0233,
Axtell,0234,
Ayer,0235,
Aztec,0236,
Baden,0237,
Badger,0238,
Bagdad,0239,
Bagley,0240,
Bailey,0242,
Baileyton,0243,
Baileyville,0244,
Bainbridge,0245,
Baird,0246,
Baker,0247,
Bakersfield,0248,
Bakersville,0249,
Baldwin,0250,
Baldwin Park,0251,
Ballard,0252,
Ballston,0253,
Baltic,0254,
Baltimore,0255,
Bancroft,0256,
Bangor,0257,
Bangs,0258,
Banks,0259,
Bankston,0260,
Barberton,0261,
Barboursville,0262,
Barclay,0264,
Bardwell,0265,
Baring,0266,
Barker,0267,
Barlow,0268,
Barnard,0269,
Barnes,0270,
Barnesville,0271,
Barneveld,0272,
Barney,0273,
Barnhart,0274,
Barnum,0275,
Barre,0276,
Barrett,0277,
Barrington,0279,3
Barry,0278,
Barstow,0280,
Bartlett,0281,2
Bartley,0282,
Barton,0283,
Bartonville,0284,
Bartow,0285,
Barview,0286,
Basalt,0287,
Bascom,0288,
Basin,0289,
Bass Lake,0290,
Bassett,0291,
Bastrop,0292,
Batavia,0293,
Batesville,0294,
Bath,0295,
Battle Creek,0296,
Battle Ground,0297,
Baxter,0298,
Bay City,0299,
Bay Shore,0300,
Bay View,0301,
Bayard,0302,
Bayfield,0303,
Bayou Vista,0304,
Bayport,0305,
Bayshore,0306,
Bayside,0307,
Bayview,0308,
Bayville,0309,
Baywood,0310,
Beach,0311,
Beach City,0312,
Beachwood,0313,
Beacon,0314,
Beallsville,0315,
Bear,0316,
Bear Creek,0317,
Bear Lake,0318,2
Bear River,0319,
Bear Valley,0320,
Bearden,0321,
Beatrice,0322,
Beattie,0323,
Beatty,0323,
Beaufort,0324,
Beaumont,0325,2
Beauregard,0326,
Beaver,0327,
Beaver Creek,0328,
Beaver Dam,0329,
Beaverdale,0330,
Beaverdam,0331,
Beaverton,0332,
Beavertown,0333,
Bedford,0334,4
Bedminster,0335,
Bee,0336,
Beech,0311,
Beech Grove,0337,
Beecher,0338,
Beechwood,0339,
Bel Air,0340,
Bel Aire,0340,
Belden,0341,
Belfast,0342,
Belfry,0343,
Belgium,0344,
Belgrade,0345,
Belknap,0346,
Bell,0347,
Bell Center,0348,
Bell City,0349,
Bella Vista,0350,
Bellaire,0351,2
Belle,0347,
Belle Center,0348,
Belle Haven,0352,
Belle Mead,0353,
Belle Meade,0353,
Belle Plaine,0354,
Bellefonte,0355,
Bellemont,0356,
Belleview,0357,
Belleville,0358,2
Bellevue,0359,3
Bellewood,0360,
Bellflower,0361,
Bellingham,0362,2
Bellmawr,0363,
Bellmont,0364,
Bellmore,0363,
Bells,0366,
Bellview,0367,
Bellville,0368,
Bellvue,0367,
Bellwood,0369,
Belmar,0370,
Belmont,0371,2
Belmore,0363,
Belo,0365,
Beloit,0372,
Belpre,0373,
Belton,0374,
Belvedere,0375,
Belvidere,0376,
Belview,0367,
Belville,0368,
Belwood,0360,
Ben Avon,0377,
Ben Lomond,0378,
Bend,0379,
Benedict,0380,
Bengal,0381,
Benjamin,0382,
Bennett,0383,
Bennett Springs,0384,
Bennettsville,0385,
Bennington,0386,
Benson,0387,
Bentley,0388,
Bentleyville,0389,
Benton,0390,
Benton City,0391,
Bentonville,0392,
Berea,0393,
Bergen,0394,
Berkeley,0395,2
Berkley,0395,
Berkshire,0396,
Berlin,0397,4
Bern,0398,
Bernardo,0399,
Berne,0398,
Bernice,0400,
Bernie,0401,
Berry,0276,
Berryville,0402,
Bertha,0403,
Bertram,0404,
Bertrand,0405,
Berwick,0406,
Berwyn,0407,
Beryl,0408,
Bessemer,0409,
Bethany,0411,
Bethel,0410,
Bethesda,0412,
Bethlehem,0413,4
Bethune,0414,
Beulah,0415,
Beverley Beach,0416,
Beverly,0417,2
Beverly Beach,0416,
Beverly Hills,0418,
Bexley,0419,
Bicknell,0421,
Bidwell,0422,
Big Bend,0423,
Big Creek,0424,
Big Falls,0425,
Big Flats,0426,
Big Lake,0427,
Big Piney,0428,
Big Sandy,0429,
Big Spring,0430,
Big Springs,0431,
Bigelow,0432,
Bigfork,0433,
Biggs,0434,
Billings,0435,
Bingham,0436,
Birch Creek,0437,
Birchwood,0438,
Birdseye,0439,
Birmingham,0440,2
Birney,0401,
Biron,0441,
Bisbee,0442,
Bishop,0443,
Bishopville,0444,
Bismarck,0445,
Bison,0446,
Bixby,0447,
Black,0448,
Black Brook,0449,
Black Creek,0450,
Black Diamond,0451,
Black Hawk,0452,
Black Rock,0453,
Black Wolf,0454,
Blackburn,0455,
Blackfoot,0456,
Blackhawk,0457,
Blacksburg,0458,
Blackstone,0459,
Blacksville,0460,
Blackwater,0461,
Blackwell,0462,
Bladensburg,0463,
Blain,0464,
Blaine,0464,2
Blair,0465,
Blairstown,0466,
Blairsville,0467,
Blakeley,0468,
Blakely,0468,
Blakeslee,0469,
Blanchard,0470,
Blanco,0471,
Bland,0472,
Blenheim,0473,
Blessing,0474,
Bliss,0475,
Blitchton,0476,
Blodgett,0477,
Bloom,0478,
Bloomfield,0479,
Blooming Grove,0480,
Bloomingburg,0481,
Bloomingdale,0482,2
Bloomington,0483,3
Bloomville,0484,
Blountsville,0485,
Blue,0486,
Blue Ball,0487,
Blue Eye,0488,
Blue Grass,0489,
Blue Hill,0490,
Blue Jay,0491,
Blue Mound,0492,
Blue Mountain,0493,
Blue Ridge,0494,
Blue River,0495,
Blue Springs,0496,
Bluefield,0497,
Bluewater,0498,
Bluff City,0499,
Bluffton,0500,2
Blum,0478,
Blythe,0501,
Boardman,0502,
Boaz,0503,
Bobtown,0504,
Bogart,0505,
Bogota,0506,
Bogue,0507,
Bogue Chitto,0508,
Bohemia,0509,
Boiling Springs,0510,
Bois d'Arc,0511,
Boise,0512,
Boise City,0512,
Boles,0513,
Boling,0514,
Bolivar,0515,
Bolivia,0516,
Bolling,0514,
Bolton,0517,
Bon Air,0518,
Bonanza,0519,
Bond,0520,
Bondurant,0521,
Bone,0522,
Bonita,0523,
Bonney,0524,
Bonnie,0524,
Bono,0525,
Boon,0526,
Boone,0526,2
Booneville,0527,
Boonville,0528,
Bordeaux,0529,
Borden,0530,
Boring,0531,
Boston,0532,
Boswell,0533,
Boulder,0534,
Bourbon,0535,
Bovina,0536,
Bow,0537,
Bowdon,0538,
Bowen,0539,
Bowers,0540,
Bowersville,0541,
Bowie,0542,
Bowler,0543,
Bowles,0513,
Bowling Green,0544,2
Bowman,0545,
Bowmansville,0546,
Bowne,0522,
Box Elder,0547,
Box Springs,0548,
Boyce,0549,
Boyd,0550,
Boyds,0551,
Boykin,0552,
Boylston,0553,
Boynton,0554,
Braddock,0555,
Bradford,0556,
Bradley,0557,
Bradshaw,0558,
Brady,0559,
Brainard,0560,
Brainerd,0560,
Braintree,0561,
Branch,0562,
Branchville,0563,
Brandon,0564,
Brandonville,0565,
Brandt,0566,
Brandywine,0567,
Branford,0568,
Branson,0569,
Brant,0566,
Brashear,0570,
Brayton,0571,
Brazeau,0572,
Brazil,0573,
Breckenridge,0574,
Breda,0575,
Bremen,0576,
Brent,0577,
Brentwood,0578,4
Brewster,0580,2
Brewton,0581,
Briar,0582,
Briarcliff,0583,
Briarwood,0584,
Brice,0585,
Briceville,0586,
Bridge City,0587,
Bridge Creek,0588,
Bridgeport,0589,
Bridger,0590,
Bridgeton,0591,
Bridgetown,0592,
Bridgeville,0593,
Bridgewater,0594,2
Brier,0582,
Briggs,0595,
Briggsville,0596,
Brighton,0597,2
Brightwood,0598,
Brilliant,0599,
Brimfield,0600,
Brimson,0601,
Brisbane,0602,
Bristol,0603,4
Bristow,0604,
Britain,0605,
Britt,0606,
Britton,0605,
Broad Run,0607,
Broadlands,0608,
Broadview,0609,
Broadway,0610,
Brockton,0611,
Brockway,0612,
Brocton,0611,
Brodhead,0613,
Bromley,0614,
Bronson,0615,
Brook,0616,
Brookdale,0617,
Brooke,0616,
Brookfield,0618,2
Brookhaven,0619,2
Brookline,0620,
Brooklyn,0621,2
Brooklyn Heights,0622,
Brooklyn Park,0623,
Brooks,0624,
Brookside,0625,
Brookston,0626,
Brooksville,0627,
Brookville,0628,
Broughton,0629,
Brown,0630,
Brownfield,0631,
Browning,0632,
Brownington,0633,
Browns Valley,0634,
Brownsboro,0635,
Brownstown,0636,
Brownsville,0637,2
Browntown,0638,
Brownville,0639,
Broxton,0640,
Bruce,0641,
Bruceton,0642,
Brule,0643,
Brundage,0644,
Brundidge,0644,
Bruno,0645,
Brunswick,0646,4
Brush Creek,0647,
Brushy Creek,0648,
Brussels,0649,
Brutus,0650,
Bryan,0651,
Bryant,0652,
Bryantsburg,0653,
Bryce,0585,
Bryceville,0586,
Buchanan,0654,
Buckeye,0655,
Buckhead,0656,
Buckhorn,0657,
Buckingham,0658,
Buckland,0659,
Buckley,0660,
Buckner,0661,
Bucksport,0662,
Buda,0663,
Budapest,0664,
Buena,0665,
Buena Vista,0666,
Buffalo,0667,
Buffalo City,0668,
Buffalo Gap,0669,
Buffalo Grove,0670,
Buffalo Springs,0671,
Buford,0672,
Bugtussle,0673,
Buhl,0674,
Bula,0415,
Bull Creek,0675,
Bull Run,0676,
Bullard,0677,
Bunker Hill,0678,
Burbank,0679,
Burdett,0680,
Burgess,0681,
Burke,0682,
Burkeville,0683,
Burleigh,0684,
Burleson,0685,
Burley,0686,
Burlingame,0687,
Burlington,0688,6
Burlison,0685,
Burnett,0689,
Burney,0401,
Burnham,0690,
Burns,0691,
Burnside,0692,
Burnsville,0693,
Burr,0694,
Burr Oak,0695,
Burt,0696,
Burton,0697,
Bush,0698,
Bushnell,0699,
Butler,0700,2
Butlerville,0701,
Butte,0702,
Butte City,0703,
Butterfield,0704,
Butterworth,0705,
Buxton,0706,
Byars,0707,
Byers,0707,
Bynum,0708,
Byram,0709,
Byron,0441,
Cabot,0710,
Cache,0711,
Caddo,0712,
Caddoa,0712,
Cadiz,0713,
Caile,0714,
Cairo,0715,
Calais,0716,
Calamus,0718,
Caldwell,0719,2
Cale,0714,
Caledonia,0720,
Calera,0721,
Calhoun,0722,
Caliente,0723,
California,0724,
Callahan,0725,
Callao,0726,
Callaway,0727,
Callender,0728,
Calumet,0729,
Calvary,0730,
Calvert,0731,
Calverton,0732,
Calvin,0733,
Camargo,0734,
Camas,0735,
Cambria,0736,
Cambridge,0737,2
Camden,0738,4
Cameron,0739,
Cameron Park,0740,
Camp Hill,0741,
Camp Springs,0742,
Camp Verde,0743,
Campbell,0744,
Campbellsburg,0745,
Campbellsport,0746,
Campbellsville,0747,
Campbellton,0748,
Campo,0749,
Campton,0750,
Canaan,0751,
Canada,0752,
Canadian,0753,
Canadice,0754,
Canadys,0754,
Canandaigua,0755,
Canby,0756,
Candelaria,0757,
Candor,0758,
Caney,0759,
Cannelton,0760,
Cannonsburg,0761,
Canova,0762,
Canterbury,0763,
Canton,0764,4
Canyon,0765,
Canyon Creek,0766,
Canyon Lake,0767,2
Capitola,0768,
Capps,0769,
Capron,0770,
Caps,0769,
Capulin,0771,
Carbon,0772,
Carbon Hill,0773,
Carbondale,0774,
Cardiff,0775,
Cardwell,0776,
Carey,0777,
Caribou,0778,
Carleton,0779,
Carlin,0780,
Carlisle,0781,
Carlsbad,0782,2
Carlton,0779,
Carlyle,0781,
Carmel,0783,
Carmen,0784,
Carmine,0784,
Carnation,0785,
Carnegie,0786,
Carnes,0787,
Carney,0788,
Carolina,0789,
Caroline,0790,
Carpenter,0791,
Carpenter's Station,0792,
Carpentersville,0793,
Carrick,0794,
Carroll,0795,
Carrollton,0796,2
Carrolltown,0797,
Carrolltowne,0797,
Carrsville,0798,
Carson,0799,
Carson City,0800,
Carsonville,0801,
Cartago,0803,
Carter,0804,
Cartersville,0805,
Carterville,0806,
Carthage,0807,
Cartwright,0808,
Carver,0809,
Cary,0777,
Caryville,0810,
Casanova,0811,
Casas Adobes,0812,
Cascade,0813,
Casco,0814,
Casey,0815,
Caseyville,0816,
Cash,0711,
Caspar,0817,
Casper,0817,
Cassadaga,0818,
Cassel,0819,
Casselberry,0820,
Cassville,0821,
Castalia,0822,
Castine,0823,
Castle,0819,
Castle Hill,0824,
Castle Rock,0825,
Castleberry,0820,
Castlewood,0826,
Castor,0827,
Castroville,0828,
Casville,0821,
Caswell,0829,
Catawba,0830,
Catharine,0831,
Catherine,0832,
Cato,0833,
Cave City,0834,
Cave Creek,0835,
Cave Spring,0836,
Cavendish,0837,
Cayce,0838,
Caylor,0839,
Cayuga,0840,
Cazadero,0841,
Cazenovia,0842,
Cecil,0843,
Cecilia,0844,
Cedar,0845,
Cedar Bluff,0846,
Cedar City,0847,
Cedar Creek,0848,
Cedar Crest,0849,
Cedar Grove,0850,
Cedar Hill,0851,
Cedar Hills,0852,
Cedar Lake,0853,
Cedar Point,0854,
Cedar Rapids,0855,
Cedar Springs,0856,
Cedar Valley,0857,
Cedarville,0858,
Celina,0859,
Cementon,0860,
Centennial,0861,
Center,0862,
Center Grove,0863,
Center Point,0864,
Center Valley,0865,
Centerfield,0866,
Centerport,0867,
Centerton,0868,
Centertown,0869,
Centerville,0870,
Central,0871,
Central City,0872,
Central High,0873,
Central Point,0874,
Centralia,0875,3
Centre,0862,
Centre Grove,0863,
Centreville,0876,
Century,0877,
Ceres,0878,
Ceresco,0879,
Cerro Gordo,0880,
Chadwick,0881,
Chalco,0882,
Chalfant,0883,
Chalybeate,0884,
Chalybeate Springs,0885,
Chama,0886,
Champion,0887,
Chance,0888,
Chancellor,0889,
Chandler,0890,
Chapel Hill,0891,
Chapin,0892,
Chapman,0893,
Chappel,0894,
Chappell,0894,
Chappell Hill,0891,
Chariton,0895,
Charleroi,0896,
Charles City,0897,
Charleston,0898,2
Charlestown,0899,
Charlo,0900,
Charloe,0900,
Charlotte,0901,2
Charlottesville,0902,
Charlton,0903,
Charter Oak,0904,
Chase,0905,
Chatfield,0906,
Chatham,0907,
Chatom,0907,
Chatsworth,0908,
Chattanooga,0909,
Chattaroy,0910,
Chauncey,0911,
Chautauqua,0912,
Chelmsford,0913,
Chelsea,0914,
Cheltenham,0915,
Chenango,0916,
Cheney,0917,
Cheneyville,0918,
Chenoweth,0919,
Cheraw,0920,
Cheriton,0895,
Cherokee,0921,
Cherry,0922,
Cherry Creek,0923,
Cherry Grove,0924,
Cherry Hill,0925,
Cherry Tree,0926,
Cherry Valley,0927,
Cherryvale,0928,
Cherryville,0929,
Chesapeake,0930,
Cheshire,0931,2
Chester,0932,2
Chesterfield,0933,2
Chestertown,0934,
Chesterville,0935,
Cheyenne,0936,
Chichester,0937,
Chickasaw,0938,
Chico,0939,
Chicopee,0940,
Chilhowee,0942,
Chilhowie,0942,
Chili,0941,
Chillicothe,0943,
Chilton,0944,
China,0945,
China Grove,0946,
Chinook,0947,
Chippewa Lake,0948,
Chisholm,0949,
Chloride,0950,
Choctaw,0951,
Chrisman,0952,
Christiana,0953,
Christiansburg,0954,
Christine,0955,
Chula,0956,
Chula Vista,0957,
Church Hill,0958,
Churchill,0959,
Churchville,0960,
Cicero,0961,2
Cimarron,0962,
Cincinnati,0963,
Circle,0964,
Circleville,0965,
Cisco,0966,
Citrus Park,0967,
Claiborne,0968,
Clare,0969,
Claremont,0970,2
Clarence,0971,
Clarendon,0972,
Claridon,0973,
Clarion,0974,
Clark,0975,
Clarkdale,0976,
Clarks,0977,
Clarks Hill,0978,
Clarksburg,0979,
Clarksdale,0980,
Clarkson,0981,
Clarkston,0982,
Clarksville,0983,
Clarkton,0984,
Clarno,0985,
Claryville,0986,
Clawson,0987,
Claxton,0988,
Clay,0989,
Clay Center,0990,
Clay City,0991,
Claypool,0992,
Claysville,0993,
Clayton,0994,2
Clayville,0995,
Clear Creek,0996,
Clear Lake,0997,
Clearbrook,0998,
Clearfield,0999,
Clearmont,1000,
Clearview,1001,
Clearwater,1002,
Cleghorn,1003,
Clem,1004,
Clements,1005,
Clemmons,1006,
Clemons,1006,
Clermont,0970,
Cleveland,1007,2
Clifford,1008,
Cliffside,1009,
Clifton,1010,2
Climax,1011,
Clinton,1012,4
Clintondale,1013,
Clintonville,1014,
Clio,1015,
Clover,1016,
Clover Creek,1017,
Cloverdale,1018,
Cloverland,1019,
Clovis,1020,2
Clyde,1021,
Clymer,1022,
Coahoma,1023,
Coal City,1024,
Coal Creek,1025,
Coaldale,1026,
Coalgate,1027,
Coalmont,1028,
Coalton,1029,
Coalville,1030,
Coalwood,1031,
Coatesville,1032,
Coats,1033,
Cobb,1034,
Cobden,1035,
Coburg,1036,
Coburn,1037,
Cochran,1038,
Cochrane,1038,
Cody,1039,
Coeburn,1037,
Coffee Creek,1040,
Coffeeville,1041,
Coffeyville,1041,
Coffman,1042,
Cohasset,1043,
Coin,1044,
Cokesbury,1045,
Cokeville,1046,
Colbert,1047,
Colburn,1048,
Colby,1049,
Colchester,1050,2
Cold Spring,1051,
Cold Springs,1052,
Coldspring,1053,
Coldstream,1054,
Coldwater,1055,
Colebrook,1056,
Coleman,1057,
Colerain,1058,
Coleraine,1058,
Coleridge,1059,
Colesville,1060,
Colfax,1061,
Colgate,1027,
College Park,1062,2
College Station,1063,
Collierville,1064,
Collins,1065,
Collinston,1066,
Collinsville,1067,
Colman,1057,
Cologne,1068,
Coloma,1069,
Colon,1072,
Colonial Heights,1073,
Colony,1074,
Colorado,1075,
Colorado City,1076,
Colquitt,1077,
Colton,1029,
Columbia,1070,7
Columbia City,1078,
Columbia Falls,1079,
Columbiana,1080,
Columbus,1081,5
Comanche,1082,
Combes,1083,
Combs,1083,
Comfort,1084,
Commerce,1085,2
Como,1086,
Compton,1087,
Comstock,1088,
Concepcion,1089,
Concord,1090,4
Concordia,1091,
Condon,1092,
Cone,1093,
Conesville,1094,
Connellsville,1095,
Connelsville,1095,
Conover,1096,
Conrad,1097,
Converse,1098,
Conway,1099,2
Cook,1100,
Cooksville,1101,
Cool,1102,
Coolidge,1103,
Coon Rapids,1104,2
Cooper,1105,
Cooperstown,1106,
Cope,1107,
Copeland,1108,
Copenhagen,1109,
Copper Hill,1110,
Coram,1111,
Corbin,1112,
Corcoran,1113,
Cordova,1115,2
Corinne,1116,
Corinth,1117,
Corley,1118,
Cornelia,1119,
Cornelius,1120,
Cornell,1121,
Cornettsville,1122,
Corning,1123,
Cornish,1124,
Cornville,1125,
Cornwall,1126,
Corona,1127,
Corry,1128,
Corsica,1129,
Cortez,1130,
Cortland,1131,
Corunna,1132,
Corvallis,1133,
Cory,1128,
Corydon,1134,
Cosby,1135,
Cottage Grove,1136,2
Cottageville,1137,
Cotter,1138,
Cotton,1139,
Cottondale,1140,
Cottonwood,1141,
Coulter,1142,
Coulterville,1143,
Country Club,1144,
Country Club Hills,1145,
Countryside,1146,
Courtland,1147,
Cove,1148,
Coventry,1149,2
Covert,1150,
Covington,1151,
Cowan,1152,
Cowen,1152,
Crab Orchard,1153,
Crabtree,1154,
Crafton,1155,
Craig,1156,
Craigsville,1157,
Cramer,1158,
Crandall,1159,
Crane,1160,
Crawford,1161,
Crawfordsville,1162,
Crawfordville,1163,
Crayne,1160,
Creedmoor,1164,
Creekside,1165,
Creighton,1166,
Crenshaw,1167,
Creola,1168,
Crescent,1169,
Crescent City,1170,
Crescent Springs,1171,
Cresco,1172,
Cresson,1173,
Crestline,1174,
Creston,1175,
Crestview,1176,
Crestwood,1177,
Creswell,1178,
Crete,1179,
Creve Coeur,1180,
Cripple Creek,1181,
Crisman,0952,
Crisp,1182,
Crocker,1183,
Crockett,1184,
Crofton,1185,
Cromwell,1186,
Crooked Creek,1187,
Crookston,1188,
Crosby,1189,
Cross Creek,1190,
Cross Keys,1191,
Cross Plains,1192,
Cross Roads,1193,
Crossville,1194,
Crowder,1195,
Crowley,1196,
Crown,1197,
Crown Point,1198,
Croydon,1199,
Crozier,1200,
Crum,1201,
Crump,1202,
Crumpler,1203,
Crystal,1204,
Crystal Beach,1205,
Crystal City,1206,
Crystal Lake,1207,
Crystal Lakes,1208,
Crystal Springs,1209,
Cuba,1210,
Cudahy,1211,
Culbertson,1212,
Culleoka,1213,
Culloden,1214,
Culver,1215,
Cumberland,1216,2
Cumming,1217,
Cunningham,1218,
Curlew,1219,
Curran,1220,
Currie,1221,
Curtis,1222,
Curtisville,1223,
Cushing,1224,
Cushman,1225,
Cusseta,1226,
Custer,1227,
Cutler,1228,
Cyclone,1229,
Cynthiana,1230,
Cypress,1231,2
Dadeville,1232,
Dahlgren,1233,
Dahlonega,1234,
Dairy,1235,
Daisy,1236,
Dakota,1237,
Dakota City,1238,
Dale,1239,
Daleville,1240,
Dallas,1241,2
Dalton,1242,
Dalzell,1243,
Damascus,1244,
Dana,1245,
Danbury,1246,
Danby,1247,
Daniel,1248,
Daniels,1249,
Danielsville,1250,
Dansville,1251,
Dante,1252,
Danube,1253,
Danvers,1254,
Danville,1255,5
Daphne,1256,
Darien,1257,2
Darlington,1258,2
Darmstadt,1259,
Darwin,1260,
Davenport,1261,
Davey,1262,
David,1263,
Davidson,1264,
Davie,1262,
Davis,1265,
Daviston,1266,
Davy,1262,
Dawn,1267,
Dawson,1268,
Day,1269,
Dayton,1270,
Dayville,1271,
Dazey,1236,
De Graff,1272,
De Kalb,1273,
De Soto,1274,
De Witt,1275,
DeKalb,1273,
DeWitt,1330,
Deadwood,1276,
Deal,1277,
Deale,1277,
Dean,1278,
Dearborn,1279,
Dearing,1280,
Decatur,1281,3
Decaturville,1282,
Decker,1283,
Dedham,1284,
Deep Creek,1285,
Deep River,1286,
Deer Creek,1287,
Deer Lake,1288,
Deer Lodge,1289,
Deer Park,1290,
Deerfield,1291,2
Deering,1280,
Deerwood,1292,
Defiance,1293,
Del City,1294,
Del Rio,1295,2
Delano,1296,
Delaplaine,1297,
Delaplane,1297,
Delaware,1298,2
Delft,1299,
Delhi,1300,
Dell,1301,
Dell City,1294,
Dellwood,1302,
Delmar,1303,
Delmont,1304,
Delphos,1305,
Delta,1306,
Delton,1307,
Deming,1308,
Denham,1309,
Denison,1310,
Denmark,1311,
Denning,1312,
Dennis,1313,2
Dennison,1310,
Dennisville,1314,
Dennysville,1314,
Densmore,1315,
Dent,1316,
Denton,1317,
Denver,1318,2
Depew,1319,
Derby,1320,2
Derry,1235,
Des Arc,1321,
Des Moines,1322,2
Desert Hills,1323,
Deshler,1324,
Detroit,1325,
Devon,1326,
Devore,1327,
Dewey,1328,
Deweyville,1329,
Dexter,1331,
Diamond,1332,
Diamond Lake,1333,
Diamond Springs,1334,
Diana,1335,
Dibble,1336,
Diboll,1336,
Dickens,1337,
Dickinson,1338,
Dickson,1339,
Dighton,1340,
Dillard,1341,
Dilley,1342,
Dillon,1343,
Dillonvale,1344,
Dillsboro,1345,
Dinsmore,1315,
Dinwiddie,1346,
Discovery Bay,1347,
Dix,1348,
Dixie,1349,
Dixon,1339,
Dodge,1351,
Dodge City,1352,
Dodson,1353,
Doe Valley,1354,
Dogtown,1355,
Dolomite,1356,
Dolores,1357,
Dolton,1358,
Donald,1359,
Donaldson,1360,
Doniphan,1361,
Donnellson,1362,
Donnelly,1363,
Donnybrook,1364,
Doolittle,1365,
Dora,1366,
Doran,1367,
Dorchester,1368,
Dorset,1369,
Dorseyville,1370,
Doty,1371,
Dougherty,1372,
Douglas,1373,
Douglassville,1374,
Douglasville,1374,
Dover,1375,4
Downey,1376,
Downieville,1377,
Downing,1378,
Downsville,1379,
Doyle,1380,
Doylestown,1381,
Drake,1382,
Drammen,1383,
Draper,1384,
Drayton,1385,
Dresden,1386,
Dresser,1387,
Drew,1388,
Drexel,1389,
Driftwood,1390,
Dripping Springs,1391,
Driscoll,1392,
Druid Hills,1393,
Drummond,1394,
Dry Creek,1395,
Dry Ridge,1396,
Dryden,1397,
DuBois,1399,
DuPont,1418,
Dublin,1398,4
Dubois,1399,
Dubuque,1400,
Dudley,1401,
Dudleyville,1402,
Duluth,1403,2
Dumas,1404,
Dumfries,1405,
Dumont,1406,
Dunbar,1407,
Duncan,1408,
Dundas,1409,
Dundee,1410,
Dungannon,1411,
Dunkirk,1412,
Dunlap,1413,
Dunleith,1414,
Dunlo,1415,
Dunlow,1415,
Dunmore,1416,
Dunn,1417,
Dupont,1418,
Duquesne,1419,
Durand,1420,
Durango,1421,
Durant,1422,2
Durham,1423,2
Durhamville,1424,
Dutch Neck,1425,
Dutton,1426,
Duxbury,1427,
Dwight,1428,
Dyer,1429,
Eads,1430,
Eagan,1431,
Eagle,1432,
Eagle Bend,1433,
Eagle Creek,1434,
Eagle Harbor,1435,
Eagle Lake,1436,
Eagle Point,1437,
Eagle River,1438,
Eagle Rock,1439,
Eagle Village,1440,
Eagletown,1441,
Eagleville,1442,
Earl,1443,
Earle,1443,
Earling,1444,
Earlville,1445,
Early,1446,
East Brooklyn,1447,
East Camden,1448,
East Cleveland,1449,
East Greenwich,1450,2
East Hampton,1451,
East Haven,1452,
East Kingston,1453,
East Lake,1454,
East Lynn,1455,
East Lynne,1455,
East Rochester,1456,
East Union,1457,
East Williston,1458,
East Windsor,1459,
Eastlake,1460,
Eastman,1461,
Easton,1462,3
Eastover,1463,
Eastpoint,1464,
Eastpointe,1464,
Eastport,1465,
Eastvale,1466,
Eastwood,1467,
Eaton,1468,
Eatonville,1469,
Eau Claire,1470,
Eau Galle,1471,
Eau Pleine,1472,
Ebenezer,1473,
Ebro,1474,
Echo,1475,
Economy,1476,
Eddington,1477,
Eddyville,1478,
Eden,1479,
Edgar,1480,
Edgefield,1481,
Edgemont,1482,
Edgerton,1483,
Edgewater,1484,
Edgewater Park,1485,
Edgewood,1486,
Edgeworth,1487,
Edina,1488,
Edinboro,1489,
Edinburg,1490,
Edinburgh,1489,
Edison,1491,
Edmond,1492,
Edmondson,1493,
Edmonton,1494,
Edmore,1495,
Edmund,1492,
Edmundson,1493,
Edna,1496,
Edom,1497,
Edson,1498,
Edwards,1499,
Edwardsville,1500,
Effingham,1501,
Egan,1431,
Egg Harbor,1502,
Egremont,1503,
Egypt,1504,
El Cenizo,1505,
El Cerrito,1506,
El Dorado,1507,2
El Mirage,1508,
El Paso,1509,
El Portal,1510,
El Rancho,1511,
El Sobrante,1512,
Elba,1513,
Elberon,1514,
Elbert,1515,
Elberta,1516,
Elbridge,1517,
Elco,1518,
Eldon,1519,
Eldora,1520,
Eldorado,1521,
Eldred,1522,
Eldridge,1523,
Elgin,1524,2
Elida,1525,
Elim,1526,
Eliot,1527,
Elizabeth,1528,
Elizabeth Lake,1529,
Elizabethtown,1530,
Elk,1531,
Elk City,1532,
Elk Creek,1533,
Elk Grove,1534,
Elk Horn,1535,
Elk River,1536,
Elkhart,1537,
Elkhorn,1538,
Elkins,1539,
Elkland,1540,
Elko,1518,
Elkton,1541,
Ellenboro,1542,
Ellendale,1543,
Ellenton,1544,
Ellerslie,1545,
Ellery,1546,
Ellicott,1547,
Ellington,1548,
Elliott,1527,
Ellis,1549,
Ellisburg,1550,
Elliston,1551,
Ellisville,1552,
Ellsworth,1553,2
Elm Creek,1554,
Elm Grove,1555,
Elma,1556,
Elmer,1557,
Elmhurst,1558,
Elmira,1559,
Elmo,1560,
Elmont,1561,
Elmore,1562,
Elmwood,1563,
Elmwood Park,1564,
Elon,1565,
Elrod,1566,
Elroy,1567,
Elsie,1568,
Elsmere,1569,
Elwin,1570,
Elwood,1571,
Elwyn,1570,
Ely,1572,2
Elyria,1573,
Elysburg,1550,
Elysville,1552,
Embarrass,1574,
Embreeville,1575,
Emden,1576,
Emerald,1577,
Emerald Bay,1578,
Emerson,1579,
Emery,1580,
Eminence,1581,
Emma,1582,
Emmet,1583,
Emmett,1583,
Emory,1580,
Empire,1584,
Emporia,1585,2
Encinal,1586,
Encino,1587,
Endicott,1588,
Energy,1589,
Enfield,1590,
Englewood,1591,2
English,1592,
Ennis,1593,
Enola,1594,
Enon,1595,
Ensenada,1596,
Enterprise,1597,2
Enville,1598,
Eola,1599,
Ephraim,1600,
Ephrata,1601,
Epping,1602,
Epsom,1603,
Epworth,1604,
Erie,1605,2
Erin,1606,
Erskine,1607,
Erving,1608,
Erwin,1609,
Erwinville,1610,
Escatawpa,1611,
Esmond,1612,
Esperance,1613,
Espey,1614,
Espy,1614,
Essex,1615,3
Estelline,1616,
Ethel,1617,
Ethridge,1618,
Etna,1619,
Eton,1468,
Etowah,1620,
Etta,1621,
Ettrick,1622,
Euclid,1623,
Eudora,1624,
Eufaula,1625,2
Eugene,1626,
Eunice,1627,
Eureka,1628,
Eustace,1629,
Eustis,1629,
Eva,0225,
Evans,1630,
Evanston,1631,
Evansville,1632,2
Evening Shade,1633,
Everett,1634,2
Evergreen,1635,
Everson,1636,
Everton,1637,
Ewell,1638,
Ewing,1639,
Excelsior,1640,
Exeter,1641,
Fair Haven,1642,
Fair Oaks,1643,2
Fair Play,1644,
Fairbanks,1645,
Fairburn,1646,
Fairbury,1647,2
Fairdale,1648,
Fairfax,1649,
Fairfield,1650,4
Fairhaven,1651,
Fairhope,1652,
Fairland,1653,
Fairlawn,1654,
Fairlee,1655,
Fairmont,1656,
Fairmount,1657,
Fairplay,1658,
Fairport,1659,
Fairview,1660,
Fairview Park,1661,
Fairwood,1662,
Fairy,1663,
Faith,1664,
Falcon,1665,
Falcon Heights,1666,
Falkner,1667,
Fall Creek,1668,
Fall River,1669,
Falling Spring,1670,
Fallon,1671,
Falls City,1672,
Fallston,1673,
Falmouth,1674,2
Farewell,1675,
Fargo,1676,
Farley,1677,
Farmers,1678,
Farmersburg,1679,
Farmersville,1680,
Farmingdale,1681,
Farmington,1682,4
Farmville,1683,
Farnam,1684,
Farnham,1684,
Farragut,1685,
Farrar,1686,
Farrell,1687,
Farris,1688,
Farson,1689,
Farwell,1690,
Faulkner,1667,
Faxon,1691,
Fay,1692,
Fayette,1693,
Fayetteville,1694,2
Federalsburg,1695,
Felicity,1696,
Felton,1697,
Fenton,1698,
Fenwick,1699,
Ferdinand,1700,
Ferguson,1701,
Fern,1702,
Ferndale,1703,
Fernwood,1704,
Ferris,1688,
Ferrisburgh,1705,
Ferry,1663,
Ferrysburg,1705,
Fertile,1706,
Fidelity,1707,
Fife,1708,
Fillmore,1709,
Fincastle,1710,
Findlay,1711,
Finey,1712,
Finland,1713,
Finley,1714,
Finly,1714,
Finney,1712,
Firth,1715,
Fischer,1716,
Fish Springs,1717,
Fisher,1716,
Fisherville,1718,
Fisk,1719,
Fitchburg,1720,2
Five Forks,1721,
Five Points,1722,
Flambeau,1723,
Flanders,1724,
Flat,1725,
Flat Rock,1726,
Flatwoods,1727,
Fleming,1728,
Flemington,1729,
Fletcher,1730,
Flint,1731,
Flint Hill,1732,
Flintstone,1733,
Flippin,1734,
Flora,1735,
Florence,1736,6
Florida,1737,
Floris,1739,
Florissant,1740,
Flower Hill,1741,
Floyd,1742,
Flushing,1743,
Foley,1744,
Folsom,1745,2
Fonda,1746,
Fontana,1747,
Fontanelle,1748,
Footville,1749,
Forbes,1750,
Ford City,1751,
Fordyce,1752,
Forest,1753,
Forest City,1754,
Forest Glen,1755,
Forest Grove,1756,
Forest Heights,1757,
Forest Hill,1758,
Forest Hills,1759,
Forest Lake,1760,
Forest Park,1761,
Forestburg,1762,
Forestburgh,1762,
Forestdale,1763,
Foreston,1764,
Forestville,1765,
Forrest City,1754,
Forreston,1764,
Forsyth,1767,
Fort Atkinson,1768,
Fort Davis,1769,
Fort Defiance,1770,
Fort Dodge,1771,
Fort Hill,1772,
Fort Lee,1773,
Fort Meade,1774,
Fort Mitchell,1775,
Fort Morgan,1776,
Fort Smith,1777,
Fort Thomas,1778,
Fort Valley,1779,
Fort Washington,1780,
Fortescue,1781,
Fortuna,1782,
Foss,1783,
Foster,1784,
Fostoria,1785,
Fountain,1786,
Fountain City,1787,
Fountain Green,1788,
Fountain Hill,1789,
Four Corners,1790,
Fourmile,1791,
Fowler,1792,
Fowlerton,1793,
Fowlerville,1794,
Fox,1795,
Fox Chase,1796,
Fox Lake,1797,
Francis,1798,
Francisco,1799,
Franconia,1800,
Frankford,1801,
Frankfort,1802,2
Franklin,1803,10
Franklin Park,1804,
Franklinton,1805,
Franklinville,1806,
Franktown,1807,
Fraser,1808,
Frazer,1808,
Fred,1809,
Freda,1809,
Frederic,1810,
Frederick,1810,
Fredericksburg,1811,2
Fredericktown,1812,
Fredonia,1813,
Freeburg,1814,
Freedom,1815,
Freeland,1816,
Freeman,1817,
Freeport,1818,2
Freetown,1819,
Fremont,1820,2
French Camp,1821,
French Creek,1822,
Frenchburg,1823,
Frenchtown,1824,
Frenchville,1825,
Fresno,1826,
Friend,1827,
Friendly,1828,
Friendship,1829,
Friendsville,1830,
Friesland,1831,
Frisco,1832,
Frontenac,1833,
Frontier,1834,
Frost,1835,
Fruitdale,1836,
Fruitland,1837,
Fruitland Park,1838,
Fruitvale,1839,
Fruitville,1840,
Fulda,1841,
Fullerton,1842,
Fulton,1843,2
Funk,1844,
Fyffe,1708,
Gadsden,1845,
Gail,1846,
Gainesboro,1847,
Gainesville,1848,3
Galatia,1849,
Gale,1846,
Galena,1850,2
Galesburg,1851,
Galesville,1852,
Gallatin,1853,
Galloway,1854,
Galt,1855,
Galva,1856,
Galveston,1857,
Gamaliel,1858,
Ganado,1859,
Gandy,1860,
Gantt,1861,
Garber,1862,
Garden City,1863,2
Garden Grove,1864,
Garden Valley,1865,
Gardena,1866,
Gardendale,1867,
Gardiner,1868,
Gardner,1868,
Garfield,1869,
Garland,1870,
Garner,1871,
Garnet,1872,
Garrett,1873,
Garrison,1874,
Garryowen,1875,
Garvin,1876,
Garwood,1877,
Gary,1878,
Garyville,1879,
Gaston,1880,
Gastonia,1881,
Gate,1882,
Gates,1883,
Gatesville,1884,
Gateway,1885,
Gay,1886,
Gaylord,1887,
Geddes,1888,
Genesee,1889,
Geneseo,1890,
Geneva,1891,
Genoa,1892,
Genola,1893,
Gentry,1894,
Gentryville,1895,
George,1896,
Georgetown,1897,5
Georgia,1898,
Geraldine,1899,
Germania,1900,
Germantown,1901,3
Germany,1902,
Geronimo,1903,
Gerry,1904,
Geryville,1879,
Gettysburg,1905,
Ghent,1906,
Gibbon,1907,
Gibraltar,1908,
Gibson,1909,
Gibsonia,1910,
Gideon,1911,
Gifford,1912,
Gilbert,1913,
Gilbertsville,1914,
Gilboa,1915,
Gilchrist,1916,
Gilead,1917,
Gilford,1918,
Gill,1919,
Gillett,1920,
Gillette,1921,
Gilliam,1922,
Gilman,1923,
Gilmanton,1924,
Gilmore,1925,
Girard,1926,
Gladstone,1927,2
Gladwin,1928,
Gladwyne,1928,
Glasco,1929,
Glasgow,1930,
Gleason,1931,
Glen,1932,
Glen Allan,1933,
Glen Allen,1933,
Glen Dale,1934,
Glen Flora,1935,
Glen Haven,1936,
Glen Ridge,1937,
Glen Rock,1938,
Glen Rose,1939,
Glenburn,1940,
Glencoe,1941,
Glendale,1942,2
Glendon,1943,
Glendora,1944,
Glenfield,1945,
Glenmont,1946,
Glenmoor,1947,
Glenmoore,1947,
Glenmore,1948,
Glenn,1932,
Glenn Dale,1934,
Glennville,1949,
Glenview,1950,
Glenville,1949,
Glenwood,1951,
Glidden,1952,
Globe,1953,
Gloucester,1954,2
Glyndon,1955,
Goddard,1956,
Godfrey,1957,
Godley,1958,
Goff,1959,
Golconda,1960,
Gold Hill,1961,
Golden,1962,
Golden Beach,1963,
Golden Gate,1964,
Golden Valley,1965,
Goldfield,1966,
Goldsboro,1967,
Goldsmith,1968,
Golf,1969,
Gonzales,1970,
Good Hope,1971,
Good Intent,1972,
Goodland,1973,
Goodman,1974,
Goodrich,1975,
Goose Creek,1976,
Gordon,1977,
Gordonsville,1978,
Gordonville,1979,
Gore,1980,
Gorham,1981,
Gorman,1982,
Goshen,1983,2
Gosport,1984,
Gothenburg,1985,
Gough,1959,
Gould,1986,
Gouldsboro,1987,
Grace,1988,
Graceville,1989,
Grady,1990,
Grafton,1991,4
Graham,1992,
Granada,1993,
Granby,1994,
Grand Island,1995,2
Grand Isle,1996,
Grand Junction,1997,
Grand Lake,1998,
Grand Marais,1999,
Grand Mound,2000,
Grand Rapids,2001,2
Grand Ridge,2002,
Grand River,2003,
Grand View,2004,
Grandin,2005,
Grandview,2006,
Grandy,2007,
Granger,2008,
Grangeville,2009,
Granite,2010,
Granite Falls,2011,
Graniteville,2012,
Grant,2013,
Grantham,2014,
Grantsville,2015,
Grantville,2016,
Granville,2017,
Grapevine,2018,
Grass Valley,2019,
Grassy,2020,
Gratiot,2021,
Gratis,2022,
Graton,2023,
Grattan,2023,
Gratton,2023,
Gratz,2024,
Gray,2025,
Grayson,2026,
Graysville,2027,
Great Bend,2028,
Great Falls,2029,
Greece,2030,
Greeley,2031,
Green,2032,
Green Acres,2033,
Green Bank,2034,
Green Bay,2035,
Green Hill,2036,
Green Meadows,2037,
Green Mountain,2038,
Green Park,2039,
Green Ridge,2040,
Green River,2041,
Green Spring,2042,
Green Valley,2043,
Greenacres,2044,
Greenbank,2045,
Greenbriar,2046,
Greenbrier,2047,
Greenbush,2048,
Greencastle,2049,
Greendale,2050,
Greene,2032,
Greenfield,2051,5
Greenhorn,2052,
Greenland,2053,
Greenleaf,2054,
Greenport,2055,
Greensboro,2056,2
Greensburg,2057,3
Greentown,2058,
Greenview,2059,
Greenville,2060,6
Greenwich,2061,2
Greenwood,2062,4
Greer,2063,2
Gregory,2064,
Grenada,2065,
Gresham,2066,
Gretna,2067,
Gridley,2068,
Griffin,2069,
Grimes,2070,
Griswold,2071,
Groesbeck,2072,
Groningen,2073,
Groton,2074,3
Grove,2075,
Grove City,2076,
Groveland,2077,
Grover,2078,
Groveton,2079,
Grow,2080,
Gruver,2081,
Guadalupe,2082,
Guernsey,2083,
Guild,2084,
Guilford,1918,
Guinea,2085,
Guion,2086,
Gulfport,2087,
Gull Lake,2088,
Gum Springs,2089,
Gunnison,2090,
Gunter,2091,
Gurley,2092,
Gustine,2093,
Guthrie,2094,
Guttenberg,2095,
Guy,2096,
Gwin,2097,
Gwinn,2097,
Gwynn,2097,
Gypsum,2098,
Hackberry,2100,
Hackensack,2101,
Hackett,2102,
Hadley,2103,
Hagan,2104,
Hagerman,2105,
Hagerstown,2106,
Hague,2107,
Haileyville,2108,
Haines,2109,
Hainesville,2110,
Hale,2099,
Haleyville,2108,
Half Acre,2111,
Halfway,2112,
Halifax,2113,
Hall,2114,
Hallam,2115,
Hallie,2116,
Hallsville,2117,
Halltown,2118,
Halsey,2119,
Hamberg,2120,
Hamburg,2120,2
Hamden,2121,
Hamel,2123,
Hamer,2122,
Hamill,2123,
Hamilton,2124,3
Hamlet,2125,
Hamlin,2126,
Hammel,2123,
Hammond,2127,3
Hampden,2128,
Hampstead,2129,
Hampton,2130,3
Hana,2131,
Hancock,2132,
Hanford,2133,
Hanging Rock,2134,
Hanksville,2135,
Hanna,2131,
Hannah,2131,
Hannibal,2136,
Hannover,2137,
Hanover,2138,4
Hansen,2139,
Hanson,2139,
Happy Valley,2140,
Harbin,2141,
Harbine,2141,
Harbor Hills,2142,
Harborton,2143,
Harbourton,2143,
Hardin,2144,
Harding,2145,
Hardinsburg,2146,
Hardwick,2147,
Hardy,2148,
Harlan,2149,
Harlem,2150,
Harlingen,2151,
Harman,2152,
Harmon,2152,
Harmony,2153,
Harney,2154,
Harold,2155,
Harper,2156,
Harpers Ferry,2157,
Harrah,2158,
Harriman,2159,
Harrington,2160,
Harris,2161,
Harrisburg,2162,
Harrison,2163,4
Harrisonburg,2164,
Harrisonville,2165,
Harriston,2166,
Harrisville,2167,
Harrodsburg,2168,
Harrold,2155,
Hart,2169,
Hartford,2170,2
Hartford City,2171,
Hartland,2172,
Hartley,2173,
Hartman,2174,
Hartsburg,2175,
Hartsel,2176,
Hartselle,2176,
Hartsville,2177,
Hartville,2178,
Hartwell,2179,
Hartwick,2180,
Harvard,2181,2
Harvey,2182,
Harwood,2183,
Haskell,2184,
Hastings,2185,2
Hasty,2186,
Hatch,2187,
Hatfield,2188,
Hatley,2189,
Hatton,2190,
Haughton,2191,
Hauser,2192,
Havana,2193,
Havelock,2194,
Haverhill,2195,
Havilah,2196,
Haviland,2197,
Havillah,2196,
Hawkeye,2198,
Hawkins,2199,
Hawkinsville,2200,
Hawley,2116,
Haworth,2201,
Hawthorne,2202,3
Hayden,2203,
Hayes,2204,
Hayesville,2205,
Hayfield,2206,
Haynes,2109,
Haynesville,2110,
Hays,2204,
Haysville,2207,
Hayti,2208,
Hayward,2209,2
Hazard,2210,
Hazel,2211,
Hazel Dell,2212,
Hazel Green,2213,
Hazelton,2214,
Hazelwood,2215,
Hazen,2216,
Hazlehurst,2217,
Hazleton,2214,
Headquarters,2218,
Headrick,2219,
Healy,2220,
Hearne,2221,
Hearst,2222,
Heath,2223,
Heber,2224,
Hebron,2225,
Hector,2226,
Hedrick,2219,
Heflin,2227,
Heidelberg,2228,
Helen,2229,
Helena,2230,2
Helvetia,2231,
Hemlock,2232,
Hempstead,2233,2
Henderson,2234,3
Hendersonville,2235,2
Hendricks,2236,
Hendrix,2236,
Hennepin,2237,
Henning,2238,
Henrietta,2239,
Henry,2240,
Herald,2155,
Hercules,2241,
Hereford,2242,
Herington,2160,
Heritage Lake,2243,
Herkimer,2244,
Herman,2245,
Hermann,2245,
Hermitage,2246,
Hermon,2245,
Hermosa,2247,
Hernando,2248,
Herndon,2249,
Heron,2250,
Herriman,2159,
Herron,2250,
Hersey,2251,
Hershey,2252,
Hesper,2253,
Hesperia,2254,
Hesston,2255,
Hewett,2256,
Hewitt,2256,
Hewlett,2257,
Hext,2258,
Hiawatha,2259,
Hibernia,2260,
Hickman,2261,
Hickory,2262,
Hickory Corners,2263,
Hickory Flat,2264,
Hickory Grove,2265,
Hickory Hills,2266,
Hico,2267,
Hidalgo,2268,
Hidden Valley,2269,
Higgins,2270,
High Bridge,2271,
High Falls,2272,
High Hill,2273,
High Point,2274,
Highland,2275,2
Highland Beach,2276,
Highland Heights,2277,
Highland Lakes,2278,
Highland Park,2279,3
Highlands,2280,2
Highlandville,2281,
Highwood,2282,
Hiko,2267,
Hilda,2283,
Hiles,2284,
Hill,2285,
Hill City,2286,
Hillcrest,2287,
Hillcrest Heights,2288,
Hilliard,2289,
Hillman,2290,
Hills,2291,
Hills and Dales,2292,
Hillsboro,2293,3
Hillsborough,2293,3
Hillsdale,2294,2
Hillside,2295,
Hillsville,2296,
Hilltop,2297,
Hillview,2298,
Hilton,2299,
Hinckley,2300,
Hingham,2301,
Hinkley,2300,
Hinsdale,2302,
Hinton,2303,
Hiram,2304,
Hitchcock,2305,
Hixon,2306,
Hixson,2306,
Hobart,2307,
Hobbs,2308,
Hoboken,2309,
Hobson,2310,
Hodge,2311,
Hodges,2312,
Hoffman,2313,
Holbrook,2314,
Holcomb,2315,
Holcombe,2315,
Holden,2316,
Holiday,2317,
Holiday Lakes,2318,
Holladay,2317,
Holland,2319,2
Hollandale,2320,
Holley,2321,
Holliday,2322,
Hollins,2323,
Hollis,2324,
Hollister,2325,
Holloway,2326,
Holly,2321,
Holly Hill,2327,
Holly Ridge,2328,
Holly Springs,2329,2
Hollywood,2330,
Holmesville,2331,
Holstein,2332,
Holt,2333,
Holton,2334,
Holtville,2335,
Holy Cross,2336,
Holyoke,2337,
Home,2338,
Homeland,2339,
Homer,2340,
Homerville,2341,
Homestead,2342,2
Hometown,2343,
Homeville,2344,
Homewood,2345,
Hondo,2346,
Honey Creek,2347,
Hood,2348,
Hooker,2349,
Hooper,2350,
Hope,2351,2
Hopedale,2352,
Hopewell,2353,2
Hopkins,2354,
Hopkinton,2355,
Horace,2356,
Horatio,2357,
Horicon,2358,
Horntown,2359,
Horse Creek,2360,
Horseshoe Bend,2361,
Horton,2362,
Hortonville,2363,
Hot Springs,2364,
Hough,2365,
Houghton,2191,
Houlton,2334,
Houston,2366,
Houstonville,2367,
How,2368,
Howard,2369,
Howard City,2370,
Howardsville,2371,
Howe,2368,
Howell,2372,
Hoxie,2373,
Hoyt,2374,
Hubbard,2376,
Hubbardston,2377,
Hubbell,2378,
Hudson,2379,4
Hudsonville,2380,
Huff,2365,
Hughes,2381,
Hughesville,2382,
Hugo,2383,
Hulett,2257,
Hull,2384,
Humboldt,2385,2
Hume,2386,
Humphrey,2387,
Hunnewell,2388,
Hunt,2389,
Hunter,2390,
Huntersville,2391,
Huntingdon,2392,
Huntington,2393,2
Huntley,2394,
Huntsville,2395,2
Hurley,2396,
Huron,2397,
Hurricane,2398,
Hurst,2222,
Hustonville,2367,
Hutchins,2399,
Hutchinson,2400,
Huxley,2401,
Hyde Park,2402,
Hyrum,2304,
Iberia,2403,
Ida,2404,
Idaho,2405,
Idalia,2406,
Idaville,2407,
Idlewild,2408,
Ignacio,2409,
Imogene,2410,
Imperial,2411,
Independence,2412,4
Index,2413,
Indian Creek,2414,
Indian Hills,2415,
Indian Lake,2416,
Indian Springs,2417,
Indian Village,2418,
Indian Wells,2419,
Indiana,2420,
Indianola,2421,
Indiantown,2422,
Industry,2423,
Inez,2424,
Ingalls,2425,
Ingleside,2426,
Inglewood,2427,
Ingram,2428,
Inkster,2429,
Inman,2430,
Innsbrook,2431,
Interlachen,2432,
Interlaken,2433,
Inverness,2434,
Inwood,2435,
Iola,2436,
Iona,2437,
Ione,2438,
Ionia,2439,
Iowa,2440,
Ipswich,2441,
Ira,2442,
Ireland,2443,
Irene,2444,
Iron City,2445,
Iron Mountain,2446,
Iron River,2447,
Irondale,2448,
Ironton,2449,
Ironville,2450,
Irvine,2451,
Irving,1608,
Irvington,2452,2
Irwin,2453,
Irwinville,1610,
Isabel,2454,
Isabelle,2454,
Island Lake,2456,
Island Park,2457,
Islandia,2458,
Italy,2459,
Itasca,2460,
Ithaca,2461,
Iuka,2462,
Ivanhoe,2463,
Ivey,2464,
Ivy,2464,
Jacksboro,2465,
Jackson,2466,5
Jackson Center,2467,
Jacksonport,2468,
Jacksonville,2469,3
Jacobs,2470,
Jalapa,2471,
Jamaica,2472,
James City,2473,
Jamesburg,2474,
Jamesport,2475,
Jamestown,2476,4
Janesville,2477,
Jansen,2478,
Japan,2479,
Jasper,2480,
Java,2481,
Jay,2482,
Jeddo,2483,
Jefferson,2484,
Jefferson City,2485,
Jeffersonville,2486,
Jena,2487,
Jenkins,2488,
Jennings,2489,
Jericho,2490,
Jermyn,2491,
Jerome,2492,2
Jerry,1904,
Jersey,2493,
Jerusalem,2494,
Jessup,2495,
Jesup,2496,
Jet,2497,
Jette,2497,
Jewell,2498,
Jewett,2499,
Jimtown,2500,
Joanna,2501,
Joes,2502,
Johannesburg,2503,
Johnsburg,2504,
Johnson,2505,
Johnson City,2506,
Johnsonburg,2507,
Johnsonville,2508,
Johnston,2509,
Johnstown,2510,2
Johnsville,2511,
Joice,2512,
Joliet,2513,
Jolley,2514,
Jolly,2514,
Jolo,2515,
Jones,2516,
Jonesboro,2517,
Jonestown,2518,
Jonesville,2519,
Joplin,2520,
Joppa,2521,
Jordan,2522,
Joseph,2523,
Josephine,2524,
Joy,2525,
Joyce,2512,
Juarez,2526,
Judson,2527,
Julian,2528,
Jumbo,2529,
Junction,2530,
Junction City,2531,
Juneau,2532,
Juno,2532,
Jupiter,2533,
Justice,2534,
Kailua,2535,
Kalama,0717,
Kalamazoo,2536,
Kamas,0735,
Kangley,2537,
Kansas,2538,
Kansas City,2539,2
Karlin,0780,
Karlsruhe,2540,
Karnack,2541,
Karnak,2541,
Karnes City,2542,
Karns,0787,
Karns City,2542,
Kasson,2543,
Kathleen,2544,
Kathryn,0831,
Katie,2545,
Katy,2545,
Kaufman,1042,
Kaycee,0815,
Kaylor,0839,
Keansburg,2546,
Kearney,2547,
Kearny,2547,
Kearsarge,2548,
Keeler,2549,
Keene,2550,
Keensburg,2546,
Keizer,2551,
Keller,2552,
Kelley,2553,
Kellogg,2554,
Kelly,2553,
Kelsey,2555,
Kelso,2556,
Kemp,2557,
Kempton,2558,
Kenansville,2559,
Kendall,2560,
Kendrick,2561,
Kenilworth,2562,
Kenmore,2563,
Kennard,2564,
Kennedy,2565,
Kenney,2566,
Kensett,2567,
Kensington,2568,2
Kent,2569,2
Kentland,2570,
Kenton,2571,
Kentwood,2572,
Kenwood,2573,
Keokea,2574,
Keota,2575,
Kerby,2576,
Kerman,2577,
Kermit,2578,
Kernville,2579,
Kerrick,0794,
Kerrville,2580,
Kersey,2581,
Keswick,2582,
Ketchum,2583,
Kettering,2584,
Key West,2585,
Keyes,2586,
Keyport,2587,
Keys,2586,
Keyser,2551,
Keystone,2588,
Keysville,2589,
Kiel,2590,
Kieler,2549,
Kildare,2591,
Kilgore,2592,
Kimball,2593,
Kimberly,2594,
Kincaid,2595,
Kinderhook,2596,
King,2597,
King City,2598,
King Salmon,2599,
Kingman,2600,
Kings Mountain,2601,
Kings Park,2602,
Kings Point,2603,
Kingsbury,2604,
Kingsland,2605,
Kingsley,2606,
Kingston,2607,2
Kingstown,2608,
Kingstowne,2608,
Kingsville,2609,
Kingwood,2610,
Kinikinik,2611,
Kinnickinnic,2611,
Kinsman,2612,
Kinston,2613,
Kiowa,2614,
Kirby,2576,
Kirbyville,2615,
Kirkland,2616,
Kirkpatrick,2617,
Kirkville,2618,
Kirkwood,2619,
Kirtland,2620,
Kistler,2621,
Kittrell,2622,
Klein,2623,
Klemme,1004,
Kline,2623,
Klondike,2624,
Knapp,2625,
Knappa,2626,
Knob Lick,2627,
Knobel,2628,
Knollwood,2629,
Knowlton,2630,
Knox,2631,
Knox City,2632,
Knoxville,2633,
Kohler,2635,
Kokomo,2636,
Kosciusko,2637,
Koshkonong,2638,
Koss,2639,
Kosse,2639,
Kossuth,2640,
Krakow,2641,
Kramer,1158,
Kremlin,2642,
Krum,1201,
Kyle,2643,
La Belle,2644,
La Center,2645,
La Cresta,2646,
La Crosse,2647,
La Fayette,2648,
La Follette,2649,
La Gloria,2650,
La Grande,2651,
La Grange,2652,
La Jara,2653,
La Madera,2654,
La Mesa,2655,
La Mott,2656,
La Motte,2656,
La Paz,2657,
La Plata,2658,
La Porte,2659,2
La Prairie,2660,
La Presa,2661,
La Salle,2662,
La Vale,2663,
La Valle,2663,
La Victoria,2664,
LaFayette,2673,
LaGrange,2676,2
LaMoille,2721,
LaPlace,2738,
Lac La Belle,2665,
Lacey,2666,2
Laclede,2667,
Lacona,2668,
Laconia,2669,
Ladd,2670,
Laddonia,2671,
Ladonia,2671,
Ladysmith,2672,
Lafayette,2673,5
Laflin,2674,
Lago Vista,2675,
Lagrange,2676,
Laguna Beach,2677,
Lahore,2678,
Lake,2680,
Lake Arrowhead,2681,
Lake Arthur,2682,
Lake Butler,2683,
Lake Camelot,2684,
Lake City,2685,2
Lake Como,2686,
Lake Forest,2687,2
Lake George,2688,
Lake Hamilton,2689,
Lake Hart,2690,
Lake Holiday,2691,
Lake Isabella,2692,
Lake Lorraine,2693,
Lake Mills,2694,
Lake Mohawk,2695,
Lake Park,2697,
Lake Placid,2698,
Lake Sherwood,2699,
Lake Shore,2700,
Lake Tomahawk,2701,
Lake View,2702,
Lake Village,2703,
Lake of the Woods,2696,
Lakefield,2704,
Lakeland,2705,
Lakemoor,2706,
Lakemore,2706,
Lakeport,2707,
Lakeridge,2708,
Lakeshore,2709,
Lakeside,2710,
Lakeside Village,2711,
Laketown,2712,
Lakeview,2713,
Lakeville,2714,2
Lakewood,2715,5
Lakewood Park,2716,
Lakota,2717,
Lamar,2718,
Lambert,2719,
Lambertville,2720,
Lamoille,2721,
Lamoine,2722,
Lamont,2723,
Lanark,2724,
Lancaster,2725,5
Lancing,2726,
Land O' Lakes,2727,
Land o' Lakes,2727,
Landisville,2728,
Lane,2729,
Lanesboro,2730,
Laneville,2731,
Langdon,2732,
Langley,2733,
Langston,2734,
Lansdowne,2735,
Lansing,2726,
Lantana,2736,
Lapeer,2737,
Laplace,2738,
Laporte,2739,
Laredo,2740,
Largo,2741,
Larkspur,2742,
Larrabee,2743,
Las Flores,2744,
Las Lomas,2745,
Las Vegas,2746,2
Last Chance,2747,
Latham,2748,
Lathrop,2749,
Latimer,2750,
Latrobe,2751,
Latta,2752,
Lattimer,2750,
Lauderdale,2753,
Lauderdale Lakes,2754,
Laurel,2755,3
Laurel Hill,2756,
Laurel Park,2757,
Laurelton,2758,
Laurens,2759,
Lawler,2760,
Lawndale,2761,
Lawrence,2762,5
Lawrenceburg,2763,
Lawrenceville,2764,3
Lawson,2765,
Lawton,2766,
Layton,2767,
Le Grand,2768,
Le Roy,2769,
LeRoy,2799,
Leamington,2770,
Leary,2771,
Leavenworth,2772,2
Leawood,2773,
Lebanon,2774,7
Ledyard,2775,
Lee,2776,
Leeds,2777,
Leeper,2778,
Lees Creek,2779,
Leesburg,2780,
Leesville,2781,
Leetonia,2782,
Leetown,2783,
Leggett,2784,
Lehigh,2785,
Leicester,2786,
Leigh,2776,
Leighton,2767,
Leipsic,2787,
Leland,2788,2
Lemington,2770,
Lemon Grove,2789,
Lemont,2723,
Lemoyne,2790,
Lena,2791,
Lennox,2792,
Lenox,2792,
Leola,2793,
Leon,2794,
Leona,2795,
Leonard,2796,
Leonidas,2797,
Leopold,2798,
Leroy,2799,
Leslie,2800,
Lesslie,2800,
Lester,2786,
Lesterville,2801,
Levant,2802,
Levis,2803,
Levittown,2804,2
Lewis,2805,
Lewisburg,2806,
Lewiston,2807,3
Lewistown,2808,
Lewisville,2809,
Lexington,2810,7
Leyden,2811,
Libby,2812,
Liberal,2813,
Liberia,2814,
Liberty,2815,4
Liberty Center,2816,
Liberty Hill,2817,
Libertyville,2818,
Lillian,2820,
Lillie,2821,
Lilly,2821,
Lily,2821,
Lily Lake,2822,
Lima,2823,
Lime,2824,
Lime Ridge,2825,
Limestone,2826,
Linch,2827,
Lincoln,2828,2
Lincoln City,2829,
Lincoln Heights,2830,
Lincoln Park,2831,2
Lincoln Village,2832,
Lincolnshire,2833,
Lincolnton,2834,
Lincolnville,2835,
Lind,2836,
Lindale,2837,
Linden,2838,
Lindenhurst,2839,
Lindon,2838,
Lindsay,2840,
Lindsey,2840,
Lineville,2841,
Linfield,2842,
Lingo,2843,
Linn,2844,
Linneus,2845,
Linton,2846,
Linville,2847,
Linwood,2848,
Lipscomb,2849,
Lisbon,2850,
Lisle,2851,
Litchfield,2852,
Little Falls,2853,2
Little River,2854,
Little Rock,2855,
Little York,2856,
Littlefield,2857,
Littlerock,2858,
Littleton,2859,2
Littleville,2860,
Live Oak,2861,
Livermore,2862,2
Liverpool,2863,
Livingston,2864,2
Livonia,2865,
Llano,2866,
Lloyd,2867,
Loch Lomond,2868,
Locke,2869,
Lockhart,2870,
Lockport,2871,
Lockport Heights,2872,
Lockwood,2873,
Locust,2874,
Locust Grove,2875,
Locust Valley,2876,
Lodi,2877,2
Logan,2878,2
Logansport,2879,
Loganville,2880,
Lohman,2881,
Lohrville,2882,
Loma,2883,
Loma Linda,2884,
Loman,2881,
London,2885,
Londonderry,2886,
Lone Oak,2887,
Lone Rock,2888,
Lone Star,2889,
Lone Tree,2890,
Long Beach,2891,3
Long Branch,2892,
Long Creek,2893,
Long Grove,2894,
Long Hill,2895,
Long Island,2896,
Long Lake,2897,
Longtown,2898,
Longview,2899,2
Longville,2900,
Longwood,2901,
Lonsdale,2902,
Lookout,2903,
Lookout Mountain,2904,
Loomis,2905,
Loop,2906,
Loope,2906,
Lorain,2907,
Loraine,2907,
Lorane,2908,
Loretto,2909,
Loring,2910,
Lorraine,2907,
Lorton,2911,
Los Alamos,2912,
Los Altos,2913,
Los Angeles,2914,
Los Banos,2915,
Los Ebanos,2916,
Los Fresnos,2917,
Lost Creek,2918,
Lost Nation,2919,
Lost Springs,2920,
Lottie,2679,
Louden,2921,
Loudon,2921,
Loudonville,2922,
Louisa,2923,
Louisburg,2924,
Louise,2925,
Louisiana,2926,
Louisville,2927,
Love,2928,
Loveland,2929,2
Lovell,2930,
Lovelock,2931,
Loveville,2932,
Loving,2933,
Low Moor,2934,
Lowden,2935,
Lowell,2936,
Lowman,2881,
Lowrey,2937,
Lowry,2937,
Lowville,2938,
Loyal,2939,
Loyall,2939,
Lubeck,2940,
Lublin,2941,
Lucas,2942,
Lucerne,2943,
Luckey,2944,
Lucknow,2945,
Lucky,2944,
Ludington,2946,
Ludlow,2947,
Lula,2948,
Luling,2949,
Lumber City,2950,
Lumberton,2951,
Luna,2952,
Lund,2953,
Lunenburg,2954,
Lupton,2955,
Luray,2956,
Luther,2957,
Lutts,2958,
Lutz,2958,
Luverne,2959,
Luxemburg,2961,
Luxor,2962,
Luzerne,2963,
Lyden,2811,
Lydia,2964,
Lyle,2965,
Lyman,2966,
Lyme,2824,
Lynch,2827,
Lynchburg,2967,
Lynd,2836,
Lynden,2838,
Lyndhurst,2968,
Lyndon,2838,
Lyndonville,2969,
Lynn,2844,
Lynne,2844,
Lynnfield,2842,
Lynnville,2970,
Lynnwood,2971,
Lynwood,2971,
Lyon,2972,
Lyons,2973,
Lytleville,2860,
Mabel,2974,
Mabie,2975,
MacArthur,2976,
Macedonia,2977,
Maceo,2978,
Machias,2979,
Mack,2980,
Mackay,2981,
Mackenzie,2982,
Macksburg,2983,
Macksville,2984,
Mackville,2985,
Macomb,2986,
Macon,2987,
Macy,2988,
Madison,2990,5
Madison Heights,2991,
Madison Mills,2992,
Madisonville,2993,
Madras,2994,
Madrid,2995,
Magnet,2996,
Magnolia,2997,
Mahnomen,2998,
Mahomet,2999,
Maiden,2989,
Maidstone,3000,
Maine,3001,
Maitland,3002,
Maize,3003,
Malaga,3004,
Malcolm,3005,
Malcom,3005,
Malden,3006,
Malmo,3007,
Malone,3008,
Malta,3009,
Malvern,3010,2
Mammoth,3011,
Man,3012,
Manalapan,3013,
Manassas,3014,
Manchester,3015,4
Mandan,3016,
Mangham,3017,
Mangum,3017,
Manhattan,3018,2
Manhattan Beach,3019,
Manheim,3020,
Manila,3021,
Manilla,3021,
Manistee,3022,
Manitou,3023,
Mankato,3024,
Manley,3025,
Manly,3025,
Manning,3026,
Mannington,3027,2
Mannsville,3028,
Manor,3029,
Manorville,3030,
Mansfield,3031,6
Mansfield Center,3032,
Manson,3033,
Manton,3034,
Mantua,3035,
Manvel,3036,
Manville,3037,
Maple,3039,
Maple Grove,3040,
Maple Plain,3041,
Maple Valley,3042,
Mapleton,3043,
Maplewood,3044,2
Marathon,3045,
Marble,3046,
Marble Falls,3047,
Marblehead,3048,
Marbury,3049,
Marcella,3050,
Marchand,3051,
Marcus,3052,
Marengo,3053,
Marianna,3054,
Maricopa,3055,
Marietta,3056,
Marilla,3057,
Marion,3058,6
Marion Center,3059,
Marion Station,3060,
Markham,3061,
Marksville,3062,
Marlboro,3063,
Marlborough,3063,
Marlin,3064,
Marlow,3065,
Marlton,3066,
Marne,3067,
Marquette,3068,
Mars Hill,3069,
Marseilles,3070,
Marshall,3071,4
Marshallton,3072,
Marshalltown,3073,
Marshallville,3074,
Marshfield,3075,2
Marston,3076,
Martell,3077,
Martin,3078,
Martinez,3079,2
Martinsburg,3080,
Martinsville,3081,2
Marvel,3082,
Marvin,3083,
Marvyn,3083,
Marxville,3062,
Marydel,3084,
Maryland,3085,
Marysville,3086,4
Maryville,3087,2
Mason,3088,
Mason City,3089,
Masontown,3090,
Masonville,3091,
Massena,3092,
Massillon,3093,
Matamoras,3094,
Matawan,3095,
Mather,3096,
Mathews,3097,
Matlock,3098,
Matoaca,3099,
Matoaka,3099,
Mattawan,3095,
Matteson,3100,
Matthews,3097,
Mattoon,3101,
Maud,3102,
Maurice,3103,
Max,3104,
Maxville,2984,
Maxwell,3105,
May,3106,
Mayer,3107,
Mayetta,3108,
Mayfield,3109,
Maynard,3110,
Mayo,3111,
Mays,3003,
Maysville,3112,
Maytown,3113,
Mayville,3114,
Maywood,3115,3
Mazeppa,3116,
McAdoo,3117,
McArthur,2976,
McBride,3118,
McCloud,3119,
McClure,3120,
McComb,3121,
McConnell,3122,
McCook,3123,
McCormick,3124,
McCoy,3125,
McCracken,3126,
McCrea,3127,
McCune,3128,
McDermitt,3129,
McDermott,3129,
McDonald,3130,
McDonough,3131,
McDowell,3132,
McEwen,3133,
McFarland,3134,
McGrath,3135,
McGregor,3136,
McHenry,3137,
McIntire,3138,
McIntosh,3139,
McIntyre,3138,
McKee,3140,
McKenzie,2982,
McKinley,3141,
McKinnon,3142,
McKittrick,3143,
McLain,3144,
McLean,3145,
McLeod,3119,
McLoud,3119,
McMillan,3146,
McMinnville,3147,2
McNab,3148,
McNabb,3148,
McNair,3149,
McNary,3150,
McNeil,3151,
McRae,3127,
McVille,3152,
Mead,3153,
Meade,3153,
Meadow,3154,
Meadow Lakes,3155,
Meadowbrook,3156,
Meadville,3157,
Mecca,3158,
Mechanicsburg,3159,
Mechanicstown,3160,
Mechanicsville,3161,
Medary,3162,
Medford,3163,3
Medicine Lake,3164,
Medina,3165,2
Medora,3166,
Medway,3167,
Meeker,3168,
Megargel,3169,
Mehlville,3170,
Melbern,3171,
Melbourne,3171,
Mellwood,3172,
Melrose,3173,
Melrose Park,3174,
Melville,3170,
Melvin,3175,
Melwood,3172,
Memphis,3176,2
Mena,3177,
Menard,3178,
Mendon,3179,
Mendota,3180,
Mendoza,3181,
Menifee,3182,
Menlo,3183,
Menlo Park,3184,
Menominee,3185,
Mentone,3186,
Mentor,3187,
Mentz,3188,
Mercer,3189,
Mercury,3190,
Meredith,3191,
Meriden,3193,
Meridian,3194,2
Merion Station,3060,
Merrill,3195,
Merrimac,3196,
Merritt,3197,
Mesa,3198,
Mesquite,3199,
Metamora,3200,
Metcalfe,3201,
Metz,3202,
Mexico,3203,
Meyer,3204,
Miami,3205,
Miami Beach,3206,
Micco,3207,
Michigan City,3208,
Mico,3207,
Midas,3209,
Middle River,3210,
Middle Valley,3211,
Middleburg,3212,
Middlebury,3213,
Middlefield,3214,
Middleport,3215,
Middlesex,3216,
Middleton,3217,
Middletown,3218,5
Middleville,3219,
Midland,3220,3
Midlothian,3221,3
Midvale,3222,
Midway,3223,
Mier,3204,
Mifflin,3224,
Milan,3225,
Milburn,3226,
Mildred,3227,
Miles,3228,
Miles City,3229,
Milford,3230,3
Mill City,3231,
Mill Creek,3232,
Mill Plain,3233,
Mill Spring,3234,
Milladore,3235,
Millbrook,3236,
Millburn,3237,
Millbury,3238,
Milledgeville,3239,
Miller,3240,
Millersburg,3241,
Millerstown,3242,
Millersville,3243,
Millerton,3244,
Millheim,3245,
Millican,3246,
Milligan,3247,
Milliken,3246,
Millington,3248,
Millport,3249,
Mills,3250,
Millsboro,3251,
Millstone,3252,2
Milltown,3253,
Millville,3254,
Millwood,3255,
Milner,3256,
Milnor,3256,
Milo,3257,
Milroy,3258,
Milstead,3259,
Milton,3260,2
Milwaukee,3261,
Milwaukie,3261,
Mina,3177,
Minden,3262,
Mineola,3263,
Miner,3264,
Mineral,3265,
Mineral Point,3266,
Mineral Springs,3267,
Minersville,3268,
Minerva,3269,
Mingo,3270,
Minneapolis,3271,
Minneola,3272,
Minor,3264,
Minot,3273,
Minto,3274,
Minturn,3275,
Miramar,3276,
Mission,3277,
Mission Hills,3278,
Missouri City,3279,
Mitchell,3280,
Mitchellville,3281,
Mizpah,3282,
Moccasin,3283,
Modena,3284,
Modesto,3285,
Modoc,3286,
Moffat,3287,
Moffett,3288,
Moffit,3288,
Mohawk,3289,
Moline,3290,
Mona,3291,
Monaville,3292,
Moneta,3293,
Monett,3294,
Monetta,3293,
Monitor,3295,
Monkton,3296,
Monmouth,3297,
Monnett,3294,
Monona,3298,
Monroe,3299,6
Monroe City,3300,
Monroeville,3301,
Monrovia,3302,
Monson,3303,
Montague,3304,
Montana,3305,
Montara,3306,
Montcalm,3307,
Montclair,3308,2
Montebello,3309,2
Montello,3310,
Monterey,3311,
Monterey Park,3312,
Montevallo,3313,
Montevideo,3314,
Montezuma,3315,
Montgomery,3316,2
Monticello,3317,
Montour,3318,
Montpelier,3319,2
Montreal,3320,
Montrose,3321,
Montvale,3322,
Montville,3323,
Monument,3324,
Moody,3325,
Moon Lake,3326,
Moore,3327,
Moorefield,3328,
Mooreland,3329,
Moores Mill,3330,
Mooresville,3331,
Mooreville,3332,
Moorhead,3333,
Moorland,3334,
Mora,3335,
Moran,3336,
Moravia,3337,
Morehouse,3338,
Moreland,3339,
Morenci,3340,
Morgan,3341,
Morgan City,3342,
Morgan Hill,3343,
Morganton,3344,
Morgantown,3345,
Morganville,3346,
Morganza,3347,
Morland,3339,
Morley,3348,
Morning Sun,3349,
Morningside,3350,
Moro,3351,
Morocco,3352,
Moroni,3353,
Morrill,3354,
Morris,3355,4
Morrison,3356,
Morrisonville,3357,
Morristown,3358,2
Morrisville,3359,
Morrow,3360,
Morse,3361,
Morton,3362,
Morven,3363,
Mosby,3364,
Moscow,3365,
Mosel,3366,
Mossville,3367,
Motley,3368,
Moulton,3369,
Mound,3370,
Mound City,3371,
Mounds,3372,
Moundville,3373,
Mount Aetna,3374,
Mount Airy,3375,
Mount Auburn,3376,
Mount Ayr,3377,
Mount Carbon,3378,
Mount Carmel,3379,2
Mount Etna,3374,
Mount Gilead,3380,
Mount Healthy,3381,
Mount Hermon,3382,
Mount Holly,3383,
Mount Hope,3384,
Mount Ida,3385,
Mount Jackson,3386,
Mount Morris,3387,
Mount Olive,3388,
Mount Pleasant,3389,2
Mount Sterling,3390,
Mount Tabor,3391,
Mount Union,3392,
Mount Vernon,3393,5
Mount Washington,3394,
Mount Zion,3395,
Mountain,3396,
Mountain City,3397,
Mountain Dale,3398,
Mountain Home,3399,
Mountain House,3400,
Mountain Lake,3401,
Mountain Lakes,3402,
Mountain Park,3403,
Mountain View,3404,
Mountain Village,3405,
Mountainair,3406,
Mountainaire,3406,
Mountville,3407,
Muddy,3408,
Muir,3409,
Mulberry,3410,
Mullan,3411,
Mullen,3411,
Mumford,3412,
Muncie,3413,
Muncy,3413,
Munford,3414,
Munger,3415,
Munich,3416,
Munster,3417,
Murdock,3418,
Murfreesboro,3419,
Murphy,3420,
Murray,3421,2
Murray Hill,3422,
Murry,3421,
Muse,3423,
Mustang,3424,
Mutual,3425,
Mylo,3257,
Myrtle,3426,
Myrtle Grove,3427,
Mystic,3428,
Nada,3429,
Namur,3430,
Nancy,3431,
Nanticoke,3432,
Naomi,3433,
Napa,2626,
Napanee,3434,
Naples,3435,
Napoleon,3436,
Nappanee,3434,
Narrows,3437,
Nash,3438,
Nashua,3439,
Nashville,3440,2
Nassau,3441,
Natchez,3442,
Natural Bridge,3443,
Nauvoo,3444,
Navarre,3445,
Navarro,3446,
Naylor,3447,
Nazareth,3448,
Neal,3449,
Nebo,3450,
Nederland,3451,
Needham,3452,
Needmore,3453,
Neel,3449,
Neffs,3454,
Negley,3455,
Nelson,3456,
Nelsonville,3457,
Nemaha,3458,
Nemo,3459,
Neola,3460,
Neosho,3461,
Neptune,3462,
Nevada,3463,
New Albany,3464,2
New Alexandria,3465,
New Auburn,3466,
New Baden,3467,
New Baltimore,3468,
New Bedford,3469,
New Berlin,3470,
New Boston,3471,
New Bremen,3472,
New Brighton,3473,
New Britain,3474,
New Cambria,3475,
New Canton,3476,
New Carlisle,3477,
New Cassel,3478,
New Castle,3478,3
New City,3479,
New Columbus,3480,
New Concord,3481,
New Cumberland,3482,
New Deal,3483,
New Durham,3484,
New Florence,3485,
New Franklin,3486,
New Hampshire,3487,
New Hampton,3488,
New Hanover,3489,
New Harmony,3490,
New Hartford,3491,
New Haven,3492,
New Holland,3493,
New Hope,3494,
New Lebanon,3495,
New Lexington,3496,
New Liberty,3497,
New Lisbon,3498,
New London,3499,3
New Market,3500,
New Middletown,3501,
New Milford,3502,3
New Paris,3503,
New Philadelphia,3504,
New Pine Creek,3505,
New Plymouth,3506,
New Providence,3507,
New Richmond,3508,
New River,3509,
New Salem,3510,
New Sharon,3511,
New Site,3512,
New Sweden,3513,
New Town,3514,
New Ulm,3515,
New Union,3516,
New Vienna,3517,
New Washington,3518,
New Windsor,3519,
New York,3520,
New York Mills,3521,
Newark,3522,5
Newberg,3523,
Newbern,3524,
Newberry,3525,
Newburg,3523,
Newburgh,3523,2
Newbury,3525,
Newcastle,3526,
Newcomb,3527,
Newell,3528,
Newfane,3529,
Newfield,3530,
Newfoundland,3531,
Newington,3532,
Newkirk,3533,
Newport,3534,3
Newry,3535,
Newton,3536,4
Newtown,3537,
Newville,3538,
Niagara,3539,
Niagara Falls,3540,
Nice,3541,
Nicholls,3542,
Nichols,3542,
Nicholson,3543,
Nickerson,3544,
Nile,3545,
Niles,3546,3
Nimrod,3547,
Nineveh,3548,
Niota,3549,
Nixon,3550,
Noble,2628,
Nocatee,3551,
Nogales,3552,
Nokomis,3553,
Nome,3554,
Nora,3555,
Norco,3556,
Norcross,3557,
Norden,3558,
Norfolk,3559,2
Norge,3560,
Normal,3561,
Norman,3562,
Normandy,3563,
Normandy Park,3564,
Norrie,3565,
Norris,3566,
North Adams,3567,
North Bend,3568,2
North Bloomfield,3569,
North Branch,3570,
North East,3571,
North Fork,3572,
North Hampton,3573,
North Haven,3574,
North Hills,3575,
North Hudson,3576,
North Liberty,3577,
North Miami,3578,
North Middletown,3579,
North Salem,3580,
North Shore,3581,
North Springfield,3582,
North Star,3583,
North Washington,3584,
Northampton,3585,
Northbrook,3586,
Northcote,3587,
Northfield,3588,3
Northgate,3589,
Northlake,3590,
Northport,3591,3
Northridge,3592,
Northumberland,3593,
Northview,3594,
Northville,3595,
Northwood,3596,
Norton,3597,
Nortonville,3598,
Norwalk,3599,2
Norway,3600,
Norwich,3601,2
Norwood,3602,3
Nottingham,3603,
Nunda,3604,
Nuremberg,3605,
O'Brien,3606,
O'Fallon,3607,2
O'Kean,3608,
Oak City,3609,
Oak Creek,3610,
Oak Forest,3611,
Oak Grove,3612,
Oak Harbor,3613,
Oak Hill,3614,
Oak Hills,3615,
Oak Island,3616,
Oak Park,3617,3
Oak Point,3618,
Oak Ridge,3619,
Oak Run,3620,
Oak Valley,3621,
Oakdale,3622,
Oakes,3623,
Oakfield,3624,
Oakford,3625,
Oakhurst,3626,
Oakland,3627,2
Oakley,3628,2
Oaks,3623,
Oakville,3629,2
Oakwood,3630,
Oasis,3631,
Oberlin,3632,
Ocean,3633,
Ocean City,3634,2
Ocean Grove,3635,
Ocean View,3636,
Oceanside,3637,2
Ocoee,3638,
Oconee,3639,
Oconto,3640,
Odell,3641,
Oden,3642,
Odessa,3643,
Odin,3642,
Ogden,3644,
Ogdensburg,3645,2
Ogema,3646,
Oglesby,3647,
Ohio,3648,
Ohio City,3649,
Oil City,3650,
Oilton,3651,
Okeene,3608,
Oklahoma,3652,
Okolona,3653,
Ola,3654,
Olathe,3655,
Old Forge,3656,
Old Fort,3657,
Old Town,3658,
Old Washington,3659,
Oldenburg,3660,
Oldfield,3661,
Oldtown,3662,
Olean,3663,
Olin,3664,
Olinda,3665,
Olive,3666,
Olive Branch,3667,
Oliver,3668,
Olivet,3669,
Olivia,3670,
Oljato-Monument Valley,3671,
Olney,3672,
Olustee,3673,
Olympia,3674,
Omaha,3675,
Onalaska,3676,
Onaway,3677,
Oneco,3678,
Oneida,3679,
Oneonta,3680,
Ono,3681,
Onondaga,3682,
Ontario,3683,2
Onward,3684,
Opal,3685,
Opelika,3686,
Ophir,3687,
Ora,0220,
Oral,3688,
Oran,3689,
Orange,3690,4
Orange City,3691,
Orange Lake,3692,
Orangeburg,3693,
Orangeville,3694,
Orchard,3695,
Oregon,3696,
Orick,3697,
Orient,3698,
Orin,3699,
Orion,3700,
Oriskany,3701,
Orland,3702,
Orlando,3703,
Orleans,3704,
Orono,3705,
Oronoque,3706,
Oroville,3707,
Orrick,3697,
Orrin,3699,
Orrville,3708,
Ortonville,3709,
Orwell,3710,
Osage,3711,
Osborn,3713,
Osborne,3713,
Oscar,3714,
Osceola,3715,
Osgood,3716,
Oshkosh,3717,
Oskaloosa,3718,
Oslo,3719,
Osmond,3720,
Osseo,3721,
Ossian,3722,
Ossipee,3723,
Ostrander,3724,
Oswego,3725,3
Othello,3726,
Otis,3727,
Otisville,3728,
Otsego,3729,
Ottawa,3730,2
Otter Creek,3731,
Otterville,3732,
Otto,3733,
Otway,3734,
Oulu,3735,
Ouray,3736,
Outlook,3737,
Overbrook,3738,
Overland,3739,
Overton,3740,
Ovid,3741,
Oviedo,3742,
Ovilla,0229,
Owasco,3743,
Owens,3744,
Owensville,3745,
Owl Creek,3746,
Owyhee,3747,
Oxbow,3748,
Oxford,3749,2
Ozan,3712,
Ozark,3750,
Ozone,3751,
Pace,3752,
Pacific,3753,
Packwood,3754,
Paden,3755,
Paducah,3756,
Page,3757,
Paige,3757,
Paint Creek,3758,
Paint Rock,3759,
Paisley,3760,
Palace,3761,
Palatine,3762,
Palermo,3763,
Palestine,3764,
Palisade,3765,
Palisades,3766,
Palm Harbor,3767,
Palm Springs,3768,2
Palm Valley,3769,
Palmdale,3770,
Palmer,3771,
Palmetto,3772,
Palmyra,3773,2
Palo,3774,
Palo Alto,3775,
Paloma,3776,
Palouse,3761,
Panama,3777,
Panama City,3778,
Pandora,3779,
Panola,3780,
Pantego,3781,
Paoli,3782,
Paradise,3783,2
Paradise Valley,3784,
Parc,3785,
Parchman,3786,
Paris,3787,2
Park,3785,
Park City,3788,
Park Hills,3789,
Park Ridge,3790,2
Parkdale,3791,
Parker,3792,
Parkersburg,3793,
Parkland,3794,2
Parkman,3786,
Parks,3795,
Parksville,3796,
Parkton,3797,
Parkville,3798,
Parkway,3799,
Parkwood,3800,
Parlin,3801,
Parma,3802,
Parnell,3803,
Parral,3804,
Parrish,3805,
Parrott,3806,
Parshall,3807,
Parsons,3808,
Pasadena,3809,3
Pasadena Hills,3810,
Passaic,3811,
Paterson,3812,
Pates,3813,
Paton,3814,
Patriot,3815,
Patten,3814,
Patterson,3812,
Pattison,3816,
Patton,3814,
Patton Village,3817,
Paulina,3818,
Pauline,3819,
Pavilion,3820,
Pavillion,3820,
Paw Paw,3821,
Pawnee,3822,
Paxton,3823,
Payne,3824,
Paynesville,3825,
Payson,3826,2
Paytes,3813,
Pea Ridge,3827,
Peabody,3828,2
Pearl,3829,
Pearl River,3830,
Pearson,3831,
Peck,3832,
Peebles,3833,
Peel,3834,
Pekin,3835,
Pelham,3836,
Pelican,3837,
Pelican Bay,3838,
Pella,3839,
Pemberton,3840,
Pembroke,3841,
Pence,3842,
Pendleton,3843,2
Penfield,3844,
Penn,3845,
Penn Valley,3846,
Pennington,3847,
Pennsboro,3848,
Pennville,3849,
Penryn,3850,
Pensacola,3851,
Penwell,3852,
Peoria,3853,2
Perham,3854,
Perkins,3855,
Perry,3856,
Perry Park,3857,
Perrysburg,3858,
Perrysville,3859,
Perryville,3860,
Pershing,3861,
Persia,3862,
Perth,3863,
Peru,3864,
Peterborough,3865,
Peters,3866,
Petersburg,3867,2
Peterson,3868,
Petersville,3869,
Petrolia,3870,
Peyton,3871,
Phalanx,3872,
Phelps,3873,
Phenix,3874,
Philadelphia,3875,
Philipsburg,3876,
Philipstown,3877,
Phillips,3878,
Phillipsburg,3876,
Phillipstown,3877,
Philo,3879,
Philomath,3880,
Phippsburg,3881,
Phoenix,3882,
Picacho,3883,
Pickens,3884,
Pickett,3885,
Picture Rocks,3886,
Piedmont,3887,2
Piedra,3888,
Piehl,3834,
Pierce,3889,
Pierceville,3890,
Piermont,3891,
Pierpont,3892,
Pierson,3831,
Pigeon,3893,
Pike,3894,
Pikeville,3895,
Pilgrim,3896,
Pilot Grove,3897,
Pilot Point,3898,
Pilsen,3899,
Pinckney,3900,
Pinckneyville,3901,
Pine,3902,
Pine Creek,3903,
Pine Flat,3904,
Pine Grove,3905,
Pine Hill,3906,
Pine Hills,3907,
Pine Island,3908,
Pine Lake,3909,
Pine Level,3910,
Pine Mountain,3911,
Pine Ridge,3912,
Pine River,3913,
Pine Springs,3914,
Pine Valley,3915,
Pinecrest,3916,
Pinedale,3917,
Pinehurst,3918,
Pineland,3919,
Pineola,3920,
Pineville,3921,
Pinewood,3922,
Piney,3923,
Pink Hill,3924,
Pinon,3925,
Pinson,3926,
Pioneer,3927,
Piper,3928,
Piqua,3929,
Piscataway,3930,
Pisgah,3931,
Pitcairn,3932,
Pitkin,3933,
Pitman,3934,
Pittman,3934,
Pittsboro,3935,2
Pittsburg,3936,2
Pittsburgh,3936,
Pittsfield,3937,2
Pittsford,3938,
Pittston,3939,
Pittstown,3940,
Pittsville,3941,
Pion,3925,
Placerville,3942,
Placitas,3943,
Plain City,3944,
Plainfield,3945,3
Plains,3946,
Plainview,3947,
Plainville,3948,
Plano,3949,
Plantation,3950,
Plantersville,3951,
Plato,3952,
Platteville,3953,
Plattsburg,3954,
Plattsburgh,3954,
Pleasant Grove,3955,
Pleasant Hill,3956,
Pleasant Hills,3957,
Pleasant Plain,3958,
Pleasant Plains,3959,
Pleasant Ridge,3960,
Pleasant Valley,3961,
Pleasant View,3962,
Pleasanton,3963,
Pleasantville,3964,2
Pleasureville,3965,
Plevna,3966,
Plover,3967,
Plum,3968,
Plummer,3969,
Pluto,3970,
Plymouth,3971,3
Pocahontas,3973,
Pocasset,3974,
Poe,3972,
Point,3975,
Point Baker,3976,
Point Lookout,3977,
Point Pleasant,3979,2
Point of Rocks,3978,
Poland,3980,
Polaris,3981,
Polk,3982,
Polk City,3983,
Polkville,3984,
Pollard,3985,
Pollock,3986,
Pollok,3986,
Polo,3987,
Pomeroy,3988,
Pomfret,3989,
Pomona,3990,
Ponca,3991,
Ponce de Leon,3992,
Ponderosa,3993,
Pontiac,3994,
Pontotoc,3995,
Poole,3996,
Poplar,3997,
Poplar Springs,3998,
Porcupine,3999,
Port Byron,4000,
Port Clinton,4001,
Port Elizabeth,4002,
Port Gibson,4003,
Port Jefferson,4004,
Port Republic,4005,
Port Royal,4006,
Port Washington,4007,2
Portage,4008,3
Portal,4009,
Porter,4010,
Porterville,4011,
Portland,4012,3
Portsmouth,4013,3
Posey,4014,
Possum Trot,4015,
Post,4016,
Poston,4017,
Potlatch,4018,
Potomac,4019,
Potosi,4020,
Potsdam,4021,
Potter,4022,
Pottersville,4023,
Pottsville,4024,
Poughkeepsie,4025,
Pound,4026,
Powderly,4027,
Powell,4028,
Powellville,4029,
Powers,4030,
Powers Lake,4031,
Powersville,4032,
Powhatan,4033,
Pownal,4034,
Prague,4035,
Prairie City,4036,
Prairie Creek,4037,
Prairie Grove,4038,
Prairie Hill,4039,
Prairie View,4040,
Prairieville,4041,
Pratt,4042,
Prattsville,4043,
Prattville,4044,
Pray,4045,
Prentice,4046,
Prentiss,4046,
Prescott,4047,2
Presque Isle,4048,
Preston,4049,2
Pretoria,4050,
Price,4051,
Prichard,4052,
Pride,4053,
Primrose,4054,
Princeton,4055,6
Princeville,4056,
Pringle,4057,
Proctor,4058,
Proctorville,4059,
Progress,4060,
Prospect,4061,
Prospect Park,4062,
Prosper,4063,
Prosperity,4064,
Prosser,4065,
Providence,4066,2
Pulaski,4067,
Pullman,4068,
Pumpkin Center,4069,
Punkin Center,4070,
Purcell,4071,
Purdy,4072,
Purley,4073,
Purvis,4074,
Putnam,4075,
Putney,4076,
Pyrmont,4077,
Quakertown,4078,
Quantico,4079,
Quarry,4080,
Quarryville,4081,
Quay,4082,
Queen Anne,4083,
Queen City,4084,
Queenstown,4085,
Quemado,4086,
Quick,4087,
Quinby,4088,
Quincy,4089,3
Quinton,4090,
Quitman,4091,
Quito,4092,
Raceland,4093,
Rachel,4094,
Racine,4095,
Radcliff,4096,
Radcliffe,4096,
Radisson,4097,
Radium,4098,
Radium Springs,4099,
Radnor,4100,
Radom,4101,
Ragan,4102,
Rainbow,4103,
Rainbow City,4104,
Rainier,4105,
Rainsville,4106,
Raleigh,4107,
Ralston,4108,
Ramah,4109,
Ramblewood,4110,
Ramer,4111,
Ramona,4112,
Rampart,4113,
Ramsey,4114,
Rancho Viejo,4115,
Rand,4116,
Randall,4117,
Randle,4117,
Randlett,4118,
Randolph,4119,2
Ranger,4120,
Rankin,4121,
Ransom,4122,
Rantoul,4123,
Rapid City,4124,
Raritan,4125,2
Ratcliff,4126,
Raven Rock,4127,
Ravenna,4128,
Rawlings,4129,
Rawson,4130,
Ray,4131,
Raymer,4111,
Raymond,4132,
Raymondville,4133,
Raynham,4134,
Raytown,4135,
Rayville,4136,
Reader,4137,
Readfield,4138,
Reading,4139,2
Reagan,4102,
Red Bank,4140,
Red Bud,4141,
Red Cliff,4142,
Red Creek,4143,
Red Hill,4144,
Red House,4145,
Red Lake,4146,
Red Lick,4147,
Red Lion,4148,
Red Oak,4149,
Red River,4150,
Red Rock,4151,
Red Springs,4152,
Reddick,4153,
Redding,4139,2
Redfield,4154,
Redford,4155,
Redland,4156,
Redlands,4157,
Redmond,4158,2
Redstone,4159,
Redwater,4160,
Redwood,4161,
Reed,4162,
Reedsville,4163,
Reedville,4164,
Reese,4165,
Regina,4166,
Rehoboth,4167,
Reid,4162,
Reidsville,4163,
Reidville,4164,
Reightown,4135,
Reliance,4168,
Relief,4169,
Remington,4170,
Remsen,4171,
Reno,4173,
Rensselaer,4174,
Reo,4175,
Republic,4176,
Resaca,4177,
Rescue,4178,
Reserve,4179,
Rest Haven,4180,
Retreat,4181,
Reva,4182,
Revere,4183,
Rex,4184,
Rexford,4185,
Reyno,4173,
Reynolds,4186,
Rhine,4187,
Rhineland,4188,
Rhodes,4189,
Rhome,4190,
Ricardo,4191,
Rice,4192,
Rice Lake,4193,
Riceville,4194,
Richards,4195,
Richardson,4196,
Richburg,4197,
Richey,4198,
Richfield,4199,2
Richford,4200,
Richland,4201,
Richlands,4202,
Richmond,4203,4
Richmond Heights,4204,
Richmond Hill,4205,
Richville,4206,
Richwood,4207,2
Riddle,4208,
Riderwood,4209,
Ridge,4210,
Ridgecrest,4211,
Ridgefield,4212,3
Ridgeland,4213,
Ridgely,4214,
Ridgeville,4215,
Ridgeway,4216,
Ridgewood,4217,
Ridgway,4216,
Riegelsville,4218,
Riga,4219,
Riley,4220,
Rimini,4221,
Rinard,4222,
Rincon,4223,
Ringgold,4224,
Ringling,4225,
Ringwood,4226,
Rio,4175,
Rio Dell,4227,
Rio Grande,4228,
Rio Verde,4229,
Rio Vista,4230,
Ripley,4231,
Ripon,4232,
Rippon,4232,
Rising Sun,4233,
Rison,4234,
Ritchey,4198,
Ritchie,4198,
River Bend,4235,
River Falls,4236,
River Forest,4237,
River Junction,4238,
River Ranch,4239,
River Ridge,4240,
River Road,4241,
Riverbend,4242,
Riverdale,4243,
Riverdale Park,4244,
Riverside,4245,2
Riverton,4246,2
Riverview,4247,
Rives,4248,
Riviera Beach,4249,
Roads,4189,
Roanoke,4250,
Robbins,4251,
Robbinsville,4252,
Roberts,4253,
Robertsdale,4254,
Robertsville,4255,
Robinson,4256,
Rochelle,4257,
Rochester,4258,4
Rock,4259,
Rock Creek,4260,
Rock Falls,4261,
Rock Hill,4262,2
Rock Island,4263,
Rock Point,4264,
Rock Springs,4265,
Rockaway Beach,4266,
Rockbridge,4267,
Rockdale,4268,
Rockfield,4269,
Rockfish,4270,
Rockford,4271,
Rockingham,4272,
Rockland,4273,2
Rockledge,4274,
Rockport,4275,2
Rockvale,4276,
Rockville,4277,
Rockwell,4278,
Rockwood,4279,
Rocky Creek,4280,
Rocky Ford,4281,
Rocky Hill,4282,
Rocky Mount,4283,2
Rocky Point,4284,
Rocky Ridge,4285,
Rodeo,4286,
Rodman,4287,
Roe,4288,
Rogers,4289,
Rogersville,4290,2
Roland,4291,
Roll,4292,
Rolla,4293,
Rolling Hills,4294,
Rollingwood,4295,
Rollins,4296,
Romance,4297,
Romancoke,4298,
Rome,4190,2
Romeo,4299,
Romney,4300,
Romulus,4301,
Roosevelt,4302,
Rosamond,4303,
Roscoe,4305,
Rose,4306,
Rose City,4307,
Rose Hill,4308,
Rosebud,4309,
Rosedale,4310,
Roseland,4311,
Roselle,4312,
Rosemont,4313,
Rosemount,4314,
Rosendale,4315,
Roseville,4316,3
Rosewood,4317,
Rosholt,4318,
Roslyn,4319,
Ross,4320,
Rossie,4321,
Rossmoor,4322,
Rosston,4323,
Rossville,4324,
Roswell,4325,2
Rotterdam,4326,
Rough and Ready,4327,
Round Hill,4328,
Round Lake,4329,
Round Mountain,4330,
Round Rock,4331,
Round Top,4332,
Round Valley,4333,
Roundup,4334,
Rowe,4288,
Rowena,4335,
Rowland,4291,
Rowley,4336,
Roxana,4337,
Roxbury,4338,2
Roy,4339,
Royal,4340,
Royalton,4341,
Rozel,4312,
Ruby,4342,
Rucker,4343,
Ruckersville,4344,
Rudolph,4345,
Rudyard,4346,
Rugby,4347,
Rumford,4348,
Rumsey,4349,
Rupert,4350,
Rush,4351,
Rushford,4352,
Rushville,4353,
Rusk,4354,
Ruskin,4355,
Russell,4356,2
Russellville,4357,
Russia,4358,
Ruston,4359,
Ruth,4360,
Rutherford,4361,
Rutland,4362,
Rutledge,4363,
Ryan,4364,
Rydal,4365,
Ryderwood,4209,
Rye,4366,
Ryegate,4367,
Sabin,4368,
Sabina,4369,
Saco,4370,
Sacramento,4371,
Sacred Heart,4372,
Saddlebrooke,4373,
Sage,4374,
Saginaw,4375,
Saint Anthony,4376,
Saint Benedict,4377,
Saint George,4378,
Saint Helens,4379,
Saint Joseph,4380,
Saint Louis,4381,
Saint Michael,4382,
Saks,4385,
Salado,4386,
Salamanca,4387,
Salem,4389,7
Salem Heights,4390,
Salesville,4391,
Salida,4392,
Salina,0859,2
Saline,4393,
Salisbury,4394,2
Salix,4395,
Salmon,4396,
Salmon Creek,4397,
Salt Creek,4398,
Saltillo,4399,
Saluda,4401,
Samaria,4402,
Samoa,4403,
Sampson,4404,
Samson,4405,
San Antonio,4406,
San Benito,4407,
San Carlos,4408,
San Cristobal,4409,
San Diego,4410,
San Felipe,4411,
San Fernando,4412,
San Jose,4413,
San Juan,4414,
San Lorenzo,4415,
San Luis,4416,
San Marcos,4417,2
San Marino,4418,
San Martin,4419,
San Mateo,4420,
San Miguel,4421,
San Pablo,4422,
San Patricio,4423,
San Pedro,4424,
San Rafael,4425,
San Ysidro,4426,
Sanborn,4427,
Sand Hill,4428,
Sand Lake,4429,
Sand Point,4430,
Sand Ridge,4431,
Sand Springs,4432,
Sanders,4433,
Sandersville,4434,
Sandstone,4435,
Sandusky,4436,
Sandwich,4437,
Sandy,4438,
Sandy Creek,4439,
Sandy Hook,4440,
Sandy Lake,4441,
Sandy Ridge,4442,
Sandy Springs,4443,
Sandy Valley,4444,
Sandyville,4445,
Sanford,4446,3
Sanger,4447,
Sans Souci,4448,
Santa Ana,4449,
Santa Clara,4450,
Santa Claus,4451,
Santa Cruz,4452,
Santa Fe,4453,
Santa Maria,4454,
Santa Monica,4455,
Santa Rosa,4457,
Santee,4458,
Santiago,4459,
Sarah,4460,
Saranac,4461,
Saratoga,4462,
Saratoga Springs,4463,2
Sardinia,4464,
Sardis,4465,
Sargeant,4466,
Sargent,4466,
Satsuma,4467,
Saugatuck,4468,
Saugus,4469,
Savage,4470,
Savanna,4471,
Savannah,4471,
Savoy,4472,
Sawyer,4473,
Sawyerville,4474,
Sax,4385,
Saxman,4475,
Saxon,4476,
Sayre,4477,
Scenic,4478,
Schleswig,4479,
Schley,4480,
Schubert,4481,
Schuyler,4482,
Scio,4483,
Scipio,4484,
Scircleville,0965,
Scituate,4485,
Scofield,4486,
Scotia,4487,
Scotland,4488,
Scott,4489,
Scott City,4490,
Scottdale,4491,
Scottsburg,4492,
Scottsville,4493,
Scottville,4494,
Scranton,4495,
Sea Breeze,4496,
Sea Cliff,4497,
Seabeck,4498,
Seabrook,4499,2
Seaford,4500,
Sealy,4501,
Seaside,4502,
Seaton,4503,
Seaview,4504,
Sebastian,4505,
Sebastopol,4506,
Sebec,4498,
Sebring,4507,
Sedalia,4508,
Sedan,4509,
Sedgwick,4510,
Seeley,4501,
Seguin,4511,
Selby,4512,
Selden,4513,
Seligman,4514,2
Sells,4515,
Selma,4516,
Selz,4515,
Seminole,4517,
Seneca,4518,
Seney,4519,
Sevastopol,4520,
Seven Hills,4521,
Seven Mile,4522,
Seven Oaks,4523,
Seven Springs,4524,
Severance,4525,
Severn,4526,
Seville,4527,
Seward,4528,
Seymour,4529,
Shady Grove,4530,
Shafter,4531,
Shamrock,4532,
Shandon,4533,
Shanghai,4534,
Shannon,4535,
Sharon,4536,
Sharpsburg,4537,
Sharpsville,4538,
Shaw,4539,
Shawnee,4540,2
Shawnee Hills,4541,
Shawneetown,4542,
Sheffield,4543,
Shelburn,4544,
Shelburne,4544,
Shelby,4545,
Shelbyville,4546,
Sheldon,4547,
Shell Point,4548,
Shelley,4549,
Shelly,4549,
Shelton,4550,
Shenandoah,4551,
Shepherd,4552,
Sherard,4553,
Sherburn,4554,
Sherburne,4554,
Sheridan,4555,5
Sherman,4556,
Sherrard,4553,
Sherrill,4557,
Sherwood,4558,
Sherwood Forest,4559,
Sherwood Shores,4560,
Shields,4561,
Shiloh,4562,
Shipman,4563,
Shirley,4564,
Shively,4565,
Shoals,4566,
Sholes,4566,
Shoreham,4567,
Shorewood,4568,
Shoshone,4569,
Shrewsbury,4570,2
Shubert,4481,
Shumway,4571,
Sibley,4572,
Sidney,4573,
Sidon,4574,
Sigel,4575,
Sikeston,4576,
Silex,4577,
Siloam,4578,
Siloam Springs,4579,
Silva,4580,
Silver City,4581,
Silver Cliff,4582,
Silver Creek,4583,
Silver Lake,4584,
Silver Spring,4585,
Silver Springs,4586,
Silverdale,4587,
Silverton,4588,3
Simms,4589,
Simpson,4590,
Simpsonville,4591,
Sims,4589,
Sinclair,4592,
Sinking Spring,4593,
Sitka,4594,
Sixes,4595,
Skidmore,4596,
Sky Valley,4597,
Skyline,4598,
Slater,4599,
Slayden,4600,
Sleepy Hollow,4601,
Sligo,4602,
Sloan,4603,
Slocomb,4604,
Slocum,4604,
Smith Corner,4605,
Smithfield,4606,
Smithland,4607,
Smithton,4608,
Smithtown,4609,
Smithville,4610,
Smoke Rise,4611,
Smyrna,4612,2
Snelling,4613,
Snow Hill,4614,
Snowshoe,4615,
Snowville,4616,
Snyder,4617,
Snydertown,4618,
Sobieski,4619,
Society Hill,4620,
Socorro,4621,2
Soda Springs,4622,
Sodus,4623,
Sofia,4624,
Soldier,4625,
Soledad,4626,
Solomon,4627,
Solon,4628,
Solway,4629,
Somers,4630,
Somerset,4631,2
Somerville,4632,2
Sonora,4633,
Sophia,4624,
Sorrento,4634,
South Bend,4635,
South Bristol,4636,
South Charleston,4637,
South Dennis,4638,
South Fork,4639,
South Fulton,4640,
South Haven,4641,
South Hill,4642,
South Lancaster,4643,
South Lebanon,4644,
South Pasadena,4645,
South Point,4646,
South Range,4647,
South Shore,4648,
South Union,4649,
South Valley,4650,
South Windham,4651,
South Woodstock,4652,
Southampton,4653,2
Southbridge,4654,
Southgate,4655,
Southington,4656,
Southmont,4657,
Southport,4658,
Southside,4659,
Spalding,4660,
Spanish Fort,4661,
Sparks,4662,
Sparta,4663,
Spartanburg,4664,
Spaulding,4660,
Speed,4665,
Spencer,4666,2
Spencerville,4667,
Sperry,4668,
Spirit Lake,4669,
Spofford,4670,
Spokane,4671,
Sprague,4672,
Spring City,4673,
Spring Creek,4674,
Spring Garden,4675,
Spring Grove,4676,
Spring Hill,4677,2
Spring Lake,4678,
Spring Mill,4679,
Spring Ridge,4680,
Spring Valley,4681,3
Springboro,4682,
Springbrook,4683,
Springdale,4684,
Springer,4685,
Springfield,4686,8
Springhill,4687,
Springport,4688,
Springs,4689,
Springtown,4690,
Springvale,4691,
Springville,4692,
Springwater,4693,
Spruce,4694,
Spurgeon,4695,
St. Albans,4696,
St. Anthony,4376,
St. Augustine,4697,
St. Benedict,4377,
St. Charles,4698,2
St. Clair,4699,
St. Clairsville,4700,
St. Cloud,4701,2
St. David,4702,
St. Elmo,4703,
St. Francis,4704,
St. Francisville,4705,
St. George,4378,
St. George Island,4706,
St. Helena,4707,
St. Henry,4708,
St. James,4709,
St. Jo,4710,
St. Joe,4710,
St. John,4711,
St. Johns,4712,
St. Joseph,4380,
St. Lawrence,4713,
St. Leo,4714,
St. Libory,4715,
St. Louis,4381,
St. Marie,4716,
St. Marks,4717,
St. Martin,4718,
St. Mary,4719,
St. Mary's,4720,
St. Marys,4720,
St. Matthews,4721,
St. Michael,4382,
St. Michaels,4722,
St. Patrick,4723,
St. Paul,4724,2
St. Peter,4725,
St. Petersburg,4383,
St. Rose,4726,
St. Stephen,4727,
St. Stephens,4728,
St. Thomas,4729,
Stacyville,4730,
Stafford,4731,2
Stafford Springs,4732,
Stagecoach,4733,
Stamford,4734,2
Standish,4735,
Stanfield,4736,
Stanford,4737,
Stanhope,4738,
Stanley,4739,
Stanton,4740,
Stanwood,4741,
Staples,4742,
Stapleton,4743,
Star,4744,
Star City,4745,
Star Lake,4746,
Starbuck,4747,
Stark,4748,
Starke,4748,
Starkey,4749,
Starks,4750,
Starkville,4751,
Starlight,4752,
Starr,4744,
State Line,4753,
State Road,4754,
Statesville,4755,
Staunton,4756,
Steamboat,4757,
Steele,4758,
Steelville,4759,
Stella,4760,
Stephens,4761,
Stephenson,4762,
Stephenville,4763,
Sterling,4764,2
Sterling City,4765,
Steuben,4766,
Stevens,4761,
Stevenson,4762,
Stevensville,4767,
Stewart,4768,
Stewartstown,4769,
Stewartsville,4770,
Stewartville,4771,
Stickney,4772,
Stiles,4773,
Stillwater,4774,3
Stilwell,4775,
Stinnett,4776,
Stirling,4764,
Stirling City,4765,
Stockbridge,4777,2
Stockdale,4778,
Stockholm,4779,
Stockport,4780,
Stockton,4781,2
Stoddard,4782,
Stone Ridge,4783,
Stoneham,4784,
Stoneville,4785,
Stonewall,4786,
Stoney Point,4787,
Stonington,4788,2
Stony Creek,4789,
Stony Point,4787,
Storey,4790,
Story,4790,
Stotesbury,4791,
Stoughton,4792,2
Stoutsville,4793,
Stovall,4794,
Stow,4795,2
Stowe,4795,
Strafford,4796,
Strang,4797,
Strasburg,4798,
Stratford,4799,2
Strathmore,4800,
Stratton,4801,
Straughn,4802,
Strawberry,4803,
Strawn,4802,
Strickersville,4804,
Stringtown,4805,
Strong,4806,
Strong City,4807,
Struble,4808,
Stryker,4809,
Strykersville,4804,
Stuart,4768,2
Sturgeon,4810,
Sturgis,4811,
Stuttgart,4812,
Success,4813,
Sudan,4814,
Sudbury,4815,
Suffield,4816,
Sugar City,4817,
Sugar Creek,4818,
Sugar Grove,4819,
Sugar Hill,4820,
Sugarcreek,4821,
Sugarloaf,4822,
Sugartown,4823,
Sullivan,4824,
Sulphur,4825,
Sulphur Springs,4826,
Summerdale,4827,
Summerfield,4828,
Summerhill,4829,
Summers,4630,
Summersville,4830,
Summertown,4831,
Summerville,4632,
Summit,4832,
Summitville,4833,
Sumner,4834,
Sumpter,4835,
Sumterville,4836,
Sun Prairie,4837,
Sun Valley,4838,
Sunbury,4839,
Sundance,4840,
Sunderland,4841,
Sundown,4842,
Sunflower,4843,
Sunnyside,4844,
Sunnyvale,4845,
Sunray,4846,
Sunrise,4847,
Sunset,4848,
Sunset Beach,4849,
Sunshine,4850,
Superior,4851,
Surf City,4852,
Surfside Beach,4853,
Surprise,4854,
Surry,4855,
Sussex,4856,
Sutherland,4857,
Sutton,4858,
Swan,4859,
Swan Creek,4860,
Swan Lake,4861,
Swansboro,4862,
Swansea,4863,
Swanton,4864,
Swanville,4865,
Sweden,4866,
Sweeden,4866,
Sweet Home,4867,
Sweet Springs,4868,
Sweetwater,4869,
Swiftwater,4870,
Swink,4871,
Swiss,4872,
Switzerland,4873,
Sycamore,4874,
Sykeston,4576,
Sykesville,4875,
Sylva,4580,
Sylvan,4876,
Sylvan Beach,4877,
Sylvan Grove,4878,
Sylvania,4879,
Sylvester,4880,
Syracuse,4881,2
Syria,4882,
Tab,4883,
Tabb,4883,
Table Rock,4884,
Tabor,4885,
Tacna,4887,
Taft,4888,
Tallapoosa,4890,
Tallmadge,4891,
Talmadge,4891,
Talmage,4892,
Talpa,4893,
Tama,4894,
Tamarack,4895,
Tampa,4896,
Tampico,4897,
Tamworth,4898,
Tangier,4899,
Tannersville,4900,
Taos,4901,
Tappan,4902,
Tappen,4902,
Tarrytown,4903,
Tatum,4904,
Taunton,4905,
Tavistock,4906,
Taylor,4907,
Taylor Creek,4908,
Taylorstown,4909,
Taylorsville,4910,
Taylorville,4911,
Tazewell,4912,
Tecumseh,4913,
Telford,4914,
Temple,4915,
Templeton,4916,
Ten Mile,4917,
Tennant,4918,
Tennent,4918,
Tennessee,4919,
Tennyson,4920,
Terral,4921,
Terrebonne,4922,
Terrell,4921,
Terry,4923,
Terrytown,4924,
Terryville,4925,
Tewksbury,4926,2
Texarkana,4927,2
Texas,4928,
Texhoma,4929,
Texico,4930,
Thatcher,4932,
Thaxton,4933,
Thayer,4934,
Thayne,4931,
The Hills,4935,
The Plains,4936,
Thedford,4937,
Theresa,4938,
Thomas,4939,
Thomaston,4940,
Thomasville,4941,
Thompson,4942,
Thompsonville,4943,
Thomson,4944,
Thornburg,4945,
Thorndale,4946,
Thornton,4947,2
Thorp,4948,
Thorpe,4948,
Three Forks,4949,
Three Lakes,4950,
Three Points,4951,
Three Rivers,4952,
Throop,4953,
Thurman,4954,
Thurmond,4955,
Thurston,4956,
Tibbee,4957,
Tibbie,4957,
Tierra Verde,4958,
Tiffin,4959,
Tilden,4960,
Tilton,4961,
Timberlake,4962,
Timberlane,4963,
Timbuctoo,4964,
Tindall,4965,
Tioga,4966,
Tippecanoe,4967,
Tipton,4968,
Tiro,4969,
Tishomingo,4970,
Titusville,4971,2
Tivoli,4972,
Tobaccoville,4973,
Toccoa,4974,
Toco,4974,
Togo,4975,
Tokio,4976,
Toledo,4977,
Tolland,4978,
Toluca,4979,
Tomahawk,4980,
Tompkins,4981,
Toney,4982,
Tonopah,4983,
Tony,4982,
Topeka,4984,
Topsfield,4985,
Topsham,4986,
Toronto,4987,
Torreon,4988,
Torrey,4989,
Torrington,4990,
Toulon,4991,
Toutle,4992,
Towanda,4993,
Tower City,4994,
Town and Country,4995,
Towner,4996,
Townsend,4997,
Townsville,4998,
Townville,4999,
Tracy,5000,
Traer,5001,
Trafford,5002,
Trail,5003,
Trappe,5004,
Trego,5005,
Tremont,5006,
Trent,5007,
Trenton,5008,2
Triadelphia,5009,
Triangle,5010,
Trimble,5011,
Trinidad,5012,
Trinity,5013,
Tripoli,5014,
Tripp,5015,
Triumph,5016,
Trona,5017,
Trout Creek,5018,
Troutdale,5019,
Troutville,5020,
Troy,5021,4
Truesdale,5022,
Trumbull,5023,
Truro,5024,
Truxton,5025,
Tryon,5026,
Tuckahoe,5027,
Tucker,5028,
Tula,5029,
Tulip,5030,
Tunica,5031,
Tunnelton,5032,
Tupelo,5033,
Turin,5034,
Turkey,5035,
Turkey Creek,5036,
Turley,5037,
Turner,5038,
Turnersville,5039,
Turtle Lake,5040,
Tuscarora,5041,
Tuscola,5042,
Tuscumbia,5043,
Tustin,5044,
Tuttle,4992,
Tuxedo,5045,
Twin Bridges,5047,
Twin Lakes,5048,
Twin Oaks,5049,
Twining,5050,
Two Harbors,5051,
Two Rivers,5052,
Tyler,5053,
Tyndall,4965,
Tyre,5054,
Tyro,4969,
Tyrone,5055,
Udall,5057,
Ukiah,5058,
Ulen,5059,
Ulm,5060,
Ulmer,5061,
Ulysses,5062,
Umatilla,5063,
Unadilla,5064,
Underhill,5065,
Underwood,5066,
Union,5067,2
Union Center,5068,
Union City,5069,3
Union Cross,5070,
Union Grove,5071,
Union Hill,5072,
Union Springs,5073,
Uniondale,5074,
Uniontown,5075,
Unionville,5076,
Unity,5077,
University,5078,2
University Center,5079,
University Heights,5080,
University Park,5081,
Upham,5082,
Upland,5083,
Upsala,5084,
Upton,5085,
Urbana,5086,
Urbanna,5086,
Utica,5087,
Utopia,5088,
Vaiden,5089,
Vail,5090,
Valdez,5091,
Vale,5090,
Valencia,5092,
Valentine,5093,
Valier,5094,
Valle,5090,
Valle Vista,5095,
Valley,5096,
Valley Center,5097,
Valley City,5098,
Valley Falls,5099,
Valley Forge,5100,
Valley Head,5101,
Valley Junction,5102,
Valley Park,5103,
Valley Springs,5104,
Valley View,5105,
Valparaiso,5106,
Van,5107,
Van Buren,5108,
Van Horn,5109,
Van Horne,5109,
Van Lear,5110,
Van Wert,5111,
Vance,5112,
Vanceboro,5113,
Vancouver,5114,
Vandalia,5115,
Vanderbilt,5116,
Vanderpool,5117,
Vandiver,5118,
Varna,5119,
Vaughan,5120,
Vaughn,5120,
Venango,5121,
Venice,5122,
Ventura,5123,
Venus,5124,
Vera,5125,
Vera Cruz,5126,
Verdi,5127,
Verdon,5128,
Vermilion,5129,
Vermillion,5129,
Vermont,5130,
Vernal,5131,
Vernon,5132,4
Vernon Center,5133,
Verona,5134,
Versailles,5135,
Vesper,5136,
Veteran,5137,
Vichy Springs,5138,
Vicksburg,5139,
Victor,5140,
Victoria,5141,2
Victory,5142,
Vida,5143,
Vidalia,5144,
Vienna,5145,
Vilas,5146,
Villa Grove,5147,
Villa Park,5148,
Villa Ridge,5149,
Villanueva,5150,
Villas,5151,
Vina,5152,
Vincennes,5153,
Vincent,5154,
Vineland,5155,
Vineyard,5156,
Vining,5157,
Vinland,5158,
Vinton,5159,
Viola,5160,
Violet,5161,
Virden,5162,
Virgil,5163,
Virginia,5164,
Virginia City,5165,
Visalia,5166,
Vista,5167,
Vivian,5168,
Volcano,5169,
Volga,5170,
Voorhees,5171,
Voorhies,5171,
Wabash,5172,
Wabasso,5173,
Waco,5174,
Wade,5175,
Wadena,5176,
Wadesboro,5177,
Wadesville,5178,
Wadley,5179,
Wadsworth,5180,
Wagener,5181,
Waggoner,5181,
Wagner,5182,
Wagoner,5181,
Wahoo,5183,
Wahpeton,5184,
Waimea,5185,
Wainwright,5186,
Wakarusa,5187,
Wakefield,5188,2
Walcott,5189,
Walden,5190,
Waldo,5191,
Waldorf,5192,
Waldron,5193,
Waldwick,5194,
Wales,5195,
Walhalla,5196,
Walker,5197,
Walkerville,5198,
Wall,5199,
Walla Walla,5200,
Wallace,5201,
Waller,5202,
Wallingford,5203,
Wallkill,5204,
Walnut,5205,
Walnut Creek,5206,
Walnut Grove,5207,
Walnut Hill,5208,
Walpole,5209,
Walsh,5210,
Walters,5211,
Waltham,5212,
Walton,5213,
Walworth,5214,
Wamba,5215,
Ward,5216,
Ware,5217,
Warfield,5218,
Warm Springs,5219,
Warner,5220,
Warren,5221,3
Warrendale,5222,
Warrensburg,5223,
Warrenton,5224,
Warrenville,5225,
Warrington,5226,
Warsaw,5227,
Wartburg,5228,
Warwick,5229,2
Wasco,5230,
Washburn,5231,
Washington,5232,7
Washington Crossing,5233,
Washington Park,5234,
Washingtonville,5235,
Watauga,5236,
Water Valley,5237,
Waterbury,5238,
Waterford,5239,4
Waterloo,5240,2
Waterman,5241,
Watertown,5242,4
Waterville,5243,
Watkins,5244,
Watson,5245,
Wattsville,5246,
Waubeek,5248,
Waugh,5247,
Wausau,5249,
Waveland,5250,
Waverly,5251,3
Waycross,5252,
Wayland,5253,
Wayne,5254,2
Waynesboro,5255,
Waynesburg,5256,
Waynesville,5257,
Wayside,5258,
Weare,5259,
Weatherby,5260,
Weatherford,5261,
Weaver,5262,
Weaverville,5263,
Webb,5264,
Webb City,5265,
Webber,5266,
Webberville,5267,
Weber,5266,
Webster,5268,
Wedgefield,5269,
Weed,5270,
Weimar,5271,
Weir,5259,
Welch,5272,
Welcome,5273,
Weldon,5274,
Wellborn,5275,
Wellfleet,5276,
Wellington,5277,
Wellman,5278,
Wells,5279,
Wellsburg,5280,
Wellston,5281,
Wellsville,5282,
Wellton,5283,
Welsh,5272,
Welton,5283,
Wendel,5284,
Wendell,5284,
Wenona,5285,
Wenonah,5286,
Wentworth,5287,
Werley,5288,
Wesley,5289,
Wesley Chapel,5290,
West,5291,
West Bend,5292,
West Chester,5293,
West Columbia,5294,
West Concord,5295,
West End,5296,
West Grove,5297,
West Hartford,5298,
West Haven,5299,
West Hills,5300,
West Jefferson,5301,
West Lafayette,5302,
West Lebanon,5303,
West Liberty,5304,
West Logan,5305,
West Middletown,5306,
West Milford,5307,
West Milton,5308,
West Monroe,5309,
West Mountain,5310,
West Orange,5311,
West Park,5312,
West Point,5313,
West Salem,5314,
West Springfield,5315,
West Union,5316,
West Windsor,5317,
West York,5318,
Westboro,5319,
Westborough,5319,
Westbrook,5320,
Westby,5321,
Westchester,5322,
Western,5323,
Westerville,5324,
Westfield,5325,3
Westford,5326,
Westgate,5327,
Westhampton,5328,
Westlake,5329,2
Westlake Village,5330,
Westland,5331,
Westminster,5332,3
Westmont,5333,
Westmoreland,5334,
Weston,5335,4
Westover,5336,
Westphalia,5337,
Westport,5338,3
Westville,5339,
Westwood,5340,2
Wethersfield,5341,
Wetumpka,5342,
Wever,5262,
Weymouth,5343,
Wharton,5344,
Whately,5345,
Whatley,5345,
Wheatfield,5346,
Wheatland,5347,
Wheaton,5348,2
Wheeler,5349,
Wheeling,5350,2
Wheelock,5351,
Whispering Pines,5352,
Whitaker,5353,
Whitby,5354,
White,5355,
White City,5356,
White Cloud,5357,
White Hall,5358,
White Haven,5359,
White Horse,5360,
White House,5361,
White Lake,5362,
White Oak,5363,
White Pine,5364,
White Plains,5365,
White River,5366,
White Rock,5367,
White Sulphur Springs,5368,
Whitefield,5369,
Whitefish Bay,5370,
Whitehall,5371,
Whitehouse,5372,
Whitesboro,5373,
Whitesburg,5374,
Whiteside,5375,
Whitestown,5376,
Whitesville,5377,
Whiteville,5378,
Whitewater,5379,
Whitewood,5380,
Whitfield,5381,
Whiting,5382,
Whitman,5383,
Whitmore,5384,
Whitney,5385,
Whitsett,5386,
Whitt,5387,
Whittaker,5353,
Whittemore,5384,
Whitten,5388,
Whittier,5389,
Whitton,5388,
Why,5390,
Whynot,5391,
Wickliffe,5392,
Wiggins,5393,
Wilber,5394,
Wilbur,5394,
Wilburton,5395,
Wilcox,5396,
Wilder,5397,
Wildwood,5398,2
Wiley,5399,
Wilhoit,5400,
Wilkesboro,5401,
Wilkinson,5402,
Willard,5403,
Willets,5404,
Willhoit,5400,
Williams,5405,
Williamsburg,5406,3
Williamson,5407,
Williamsport,5408,
Williamston,5409,
Williamstown,5410,
Williamsville,5411,
Willimantic,5412,
Willington,5413,
Willis,5414,
Williston,5415,
Willisville,5416,
Willits,5404,
Willow,5417,
Willow City,5418,
Willow Creek,5419,
Willow Grove,5420,
Willow Island,5421,
Willow Lake,5422,
Willow Springs,5423,
Willowbrook,5424,
Wilmar,5425,
Wilmer,5425,
Wilmington,5426,4
Wilmore,5427,
Wilmot,5428,
Wilson,5429,
Wilsonville,5430,
Wilton,5431,
Wilton Center,5432,
Winchester,5433,2
Windham,5434,
Windom,5434,
Windsor,5435,3
Windsor Heights,5436,
Windyville,5437,
Winfield,5438,2
Wingate,5439,
Wingville,5440,
Winn,5441,
Winnebago,5442,
Winnipeg,5443,
Winnsboro,5444,
Winona,5445,
Winslow,5446,
Winsted,5447,
Winston,5448,
Winter Park,5449,
Winters,5450,
Winterville,5451,
Winthrop,5452,2
Winton,5453,
Wiota,5454,
Wirt,5455,
Wisdom,5456,
Wise,5457,
Wisner,5458,
Withrow,5459,
Witt,5387,
Wittenberg,5460,
Wittmann,5383,
Woden,5461,
Wolcott,5462,
Wolf Creek,5463,
Wolf Lake,5464,
Wolf River,5465,
Wolverine,5466,
Womelsdorf,5467,
Wood,5468,
Wood Lake,5469,
Wood River,5470,
Wood-Ridge,5471,
Woodbine,5472,
Woodbourne,5473,
Woodbridge,5474,2
Woodburn,5475,2
Woodbury,5476,4
Woodford,5477,
Woodhull,5478,
Woodlake,5479,
Woodland,5480,3
Woodland Beach,5481,
Woodland Hills,5482,
Woodland Mills,5483,
Woodland Park,5484,
Woodlawn,5485,
Woodlawn Park,5486,
Woodleaf,5487,
Woodlyn,5488,
Woodlynne,5488,
Woodmere,5489,
Woodmoor,5490,
Woodmore,5490,
Woodridge,5471,
Woodruff,5491,
Woodsboro,5492,
Woodside,5493,
Woodson,5494,
Woodstock,5495,5
Woodsville,5496,
Woodville,5497,
Woodward,5498,
Woodway,5499,
Woodworth,5500,
Woolwich,5501,
Woonsocket,5502,
Worcester,5503,
Worden,5504,
Worley,5288,
Worth,5505,
Wortham,5506,
Worthing,5507,
Worthington,5508,2
Worthville,5509,
Wray,4131,
Wrens,4172,
Wright,5510,
Wright City,5511,
Wrightsboro,5512,
Wrightstown,5513,
Wrightsville,5514,
Wrigley,5515,
Wyalusing,5516,
Wyandotte,5517,
Wyatt,5518,
Wyckoff,5519,
Wye,5390,
Wykoff,5519,
Wylie,5399,
Wyndham,5434,
Wynne,5441,
Wynnewood,5520,
Wyoming,5521,
Yale,5522,
Yampa,5523,
Yancey Mills,5524,
Yancy Mills,5524,
Yankeetown,5525,
Yankton,5526,
Yarmouth,5527,2
Yatesville,5528,
Yellow Springs,5529,
Yoakum,5530,
Yocum,5530,
Yoder,5531,
York,5532,2
Yorklyn,5533,
Yorkshire,5534,
Yorktown,5535,3
Yorkville,5536,
Youngstown,5537,2
Youngsville,5538,
Yuba,5056,
Yukon,5539,
Yuma,5540,
Yutan,5541,
Zamora,5542,
Zanesville,5543,
Zebulon,5544,
Zeeland,5545,
Zell,5546,
Zena,5547,
Zenda,5548,
Zion,5549,
Zionsville,5550,
Zoar,5551,
Zurich,5552,
Zwolle,5553,